STUDENT_ID,listX,listY
260380777,"(683, '{12, 14, 77, 74, 63, 21, 69, 13, 84, 93, 35, 89, 45, 60, 15, 57, 51, 18, 42, 62}')","(1023, '{70, 54, 19, 58, 46, 14, 67, 80, 3, 93, 47, 50, 74, 72, 85, 95, 86, 91, 81, 90}')"
260385964,"(1023, '{70, 54, 19, 58, 46, 14, 67, 80, 3, 93, 47, 50, 74, 72, 85, 95, 86, 91, 81, 90}')","(590, '{79, 13, 45, 64, 32, 95, 67, 27, 78, 18, 41, 69, 15, 29, 72, 57, 81, 50, 60, 14}')"
260427506,"(1018, '{52, 71, 34, 95, 68, 25, 44, 38, 47, 77, 92, 84, 94, 12, 61, 9, 89, 56, 28, 75}')","(554, '{86, 85, 6, 97, 19, 66, 26, 14, 15, 49, 75, 64, 35, 54, 31, 9, 82, 29, 81, 13}')"
260485177,"(1023, '{70, 54, 19, 58, 46, 14, 67, 80, 3, 93, 47, 50, 74, 72, 85, 95, 86, 91, 81, 90}')","(554, '{86, 85, 6, 97, 19, 66, 26, 14, 15, 49, 75, 64, 35, 54, 31, 9, 82, 29, 81, 13}')"
260491540,"(1023, '{70, 54, 19, 58, 46, 14, 67, 80, 3, 93, 47, 50, 74, 72, 85, 95, 86, 91, 81, 90}')","(554, '{86, 85, 6, 97, 19, 66, 26, 14, 15, 49, 75, 64, 35, 54, 31, 9, 82, 29, 81, 13}')"
260531176,"(683, '{12, 14, 77, 74, 63, 21, 69, 13, 84, 93, 35, 89, 45, 60, 15, 57, 51, 18, 42, 62}')","(590, '{79, 13, 45, 64, 32, 95, 67, 27, 78, 18, 41, 69, 15, 29, 72, 57, 81, 50, 60, 14}')"
260559244,"(590, '{79, 13, 45, 64, 32, 95, 67, 27, 78, 18, 41, 69, 15, 29, 72, 57, 81, 50, 60, 14}')","(554, '{86, 85, 6, 97, 19, 66, 26, 14, 15, 49, 75, 64, 35, 54, 31, 9, 82, 29, 81, 13}')"
260580180,"(683, '{12, 14, 77, 74, 63, 21, 69, 13, 84, 93, 35, 89, 45, 60, 15, 57, 51, 18, 42, 62}')","(1018, '{52, 71, 34, 95, 68, 25, 44, 38, 47, 77, 92, 84, 94, 12, 61, 9, 89, 56, 28, 75}')"
260583502,"(554, '{86, 85, 6, 97, 19, 66, 26, 14, 15, 49, 75, 64, 35, 54, 31, 9, 82, 29, 81, 13}')","(1018, '{52, 71, 34, 95, 68, 25, 44, 38, 47, 77, 92, 84, 94, 12, 61, 9, 89, 56, 28, 75}')"
260585208,"(554, '{86, 85, 6, 97, 19, 66, 26, 14, 15, 49, 75, 64, 35, 54, 31, 9, 82, 29, 81, 13}')","(683, '{12, 14, 77, 74, 63, 21, 69, 13, 84, 93, 35, 89, 45, 60, 15, 57, 51, 18, 42, 62}')"
260603194,"(683, '{12, 14, 77, 74, 63, 21, 69, 13, 84, 93, 35, 89, 45, 60, 15, 57, 51, 18, 42, 62}')","(1018, '{52, 71, 34, 95, 68, 25, 44, 38, 47, 77, 92, 84, 94, 12, 61, 9, 89, 56, 28, 75}')"
260609335,"(683, '{12, 14, 77, 74, 63, 21, 69, 13, 84, 93, 35, 89, 45, 60, 15, 57, 51, 18, 42, 62}')","(1023, '{70, 54, 19, 58, 46, 14, 67, 80, 3, 93, 47, 50, 74, 72, 85, 95, 86, 91, 81, 90}')"
260611587,"(1018, '{52, 71, 34, 95, 68, 25, 44, 38, 47, 77, 92, 84, 94, 12, 61, 9, 89, 56, 28, 75}')","(683, '{12, 14, 77, 74, 63, 21, 69, 13, 84, 93, 35, 89, 45, 60, 15, 57, 51, 18, 42, 62}')"
260616803,"(1023, '{70, 54, 19, 58, 46, 14, 67, 80, 3, 93, 47, 50, 74, 72, 85, 95, 86, 91, 81, 90}')","(590, '{79, 13, 45, 64, 32, 95, 67, 27, 78, 18, 41, 69, 15, 29, 72, 57, 81, 50, 60, 14}')"
260620849,"(554, '{86, 85, 6, 97, 19, 66, 26, 14, 15, 49, 75, 64, 35, 54, 31, 9, 82, 29, 81, 13}')","(1023, '{70, 54, 19, 58, 46, 14, 67, 80, 3, 93, 47, 50, 74, 72, 85, 95, 86, 91, 81, 90}')"
260627819,"(554, '{86, 85, 6, 97, 19, 66, 26, 14, 15, 49, 75, 64, 35, 54, 31, 9, 82, 29, 81, 13}')","(590, '{79, 13, 45, 64, 32, 95, 67, 27, 78, 18, 41, 69, 15, 29, 72, 57, 81, 50, 60, 14}')"
260630264,"(554, '{86, 85, 6, 97, 19, 66, 26, 14, 15, 49, 75, 64, 35, 54, 31, 9, 82, 29, 81, 13}')","(590, '{79, 13, 45, 64, 32, 95, 67, 27, 78, 18, 41, 69, 15, 29, 72, 57, 81, 50, 60, 14}')"
260631831,"(1018, '{52, 71, 34, 95, 68, 25, 44, 38, 47, 77, 92, 84, 94, 12, 61, 9, 89, 56, 28, 75}')","(683, '{12, 14, 77, 74, 63, 21, 69, 13, 84, 93, 35, 89, 45, 60, 15, 57, 51, 18, 42, 62}')"
260656751,"(1023, '{70, 54, 19, 58, 46, 14, 67, 80, 3, 93, 47, 50, 74, 72, 85, 95, 86, 91, 81, 90}')","(1018, '{52, 71, 34, 95, 68, 25, 44, 38, 47, 77, 92, 84, 94, 12, 61, 9, 89, 56, 28, 75}')"
260657322,"(554, '{86, 85, 6, 97, 19, 66, 26, 14, 15, 49, 75, 64, 35, 54, 31, 9, 82, 29, 81, 13}')","(1018, '{52, 71, 34, 95, 68, 25, 44, 38, 47, 77, 92, 84, 94, 12, 61, 9, 89, 56, 28, 75}')"
260660195,"(590, '{79, 13, 45, 64, 32, 95, 67, 27, 78, 18, 41, 69, 15, 29, 72, 57, 81, 50, 60, 14}')","(683, '{12, 14, 77, 74, 63, 21, 69, 13, 84, 93, 35, 89, 45, 60, 15, 57, 51, 18, 42, 62}')"
260660945,"(590, '{79, 13, 45, 64, 32, 95, 67, 27, 78, 18, 41, 69, 15, 29, 72, 57, 81, 50, 60, 14}')","(1023, '{70, 54, 19, 58, 46, 14, 67, 80, 3, 93, 47, 50, 74, 72, 85, 95, 86, 91, 81, 90}')"
260661966,"(554, '{86, 85, 6, 97, 19, 66, 26, 14, 15, 49, 75, 64, 35, 54, 31, 9, 82, 29, 81, 13}')","(1018, '{52, 71, 34, 95, 68, 25, 44, 38, 47, 77, 92, 84, 94, 12, 61, 9, 89, 56, 28, 75}')"
260662358,"(590, '{79, 13, 45, 64, 32, 95, 67, 27, 78, 18, 41, 69, 15, 29, 72, 57, 81, 50, 60, 14}')","(1018, '{52, 71, 34, 95, 68, 25, 44, 38, 47, 77, 92, 84, 94, 12, 61, 9, 89, 56, 28, 75}')"
260662741,"(683, '{12, 14, 77, 74, 63, 21, 69, 13, 84, 93, 35, 89, 45, 60, 15, 57, 51, 18, 42, 62}')","(590, '{79, 13, 45, 64, 32, 95, 67, 27, 78, 18, 41, 69, 15, 29, 72, 57, 81, 50, 60, 14}')"
260662779,"(1023, '{70, 54, 19, 58, 46, 14, 67, 80, 3, 93, 47, 50, 74, 72, 85, 95, 86, 91, 81, 90}')","(683, '{12, 14, 77, 74, 63, 21, 69, 13, 84, 93, 35, 89, 45, 60, 15, 57, 51, 18, 42, 62}')"
260663710,"(1018, '{52, 71, 34, 95, 68, 25, 44, 38, 47, 77, 92, 84, 94, 12, 61, 9, 89, 56, 28, 75}')","(1023, '{70, 54, 19, 58, 46, 14, 67, 80, 3, 93, 47, 50, 74, 72, 85, 95, 86, 91, 81, 90}')"
260664284,"(683, '{12, 14, 77, 74, 63, 21, 69, 13, 84, 93, 35, 89, 45, 60, 15, 57, 51, 18, 42, 62}')","(554, '{86, 85, 6, 97, 19, 66, 26, 14, 15, 49, 75, 64, 35, 54, 31, 9, 82, 29, 81, 13}')"
260664905,"(1023, '{70, 54, 19, 58, 46, 14, 67, 80, 3, 93, 47, 50, 74, 72, 85, 95, 86, 91, 81, 90}')","(1018, '{52, 71, 34, 95, 68, 25, 44, 38, 47, 77, 92, 84, 94, 12, 61, 9, 89, 56, 28, 75}')"
260666254,"(1023, '{70, 54, 19, 58, 46, 14, 67, 80, 3, 93, 47, 50, 74, 72, 85, 95, 86, 91, 81, 90}')","(590, '{79, 13, 45, 64, 32, 95, 67, 27, 78, 18, 41, 69, 15, 29, 72, 57, 81, 50, 60, 14}')"
260666947,"(1023, '{70, 54, 19, 58, 46, 14, 67, 80, 3, 93, 47, 50, 74, 72, 85, 95, 86, 91, 81, 90}')","(590, '{79, 13, 45, 64, 32, 95, 67, 27, 78, 18, 41, 69, 15, 29, 72, 57, 81, 50, 60, 14}')"
260671555,"(683, '{12, 14, 77, 74, 63, 21, 69, 13, 84, 93, 35, 89, 45, 60, 15, 57, 51, 18, 42, 62}')","(1023, '{70, 54, 19, 58, 46, 14, 67, 80, 3, 93, 47, 50, 74, 72, 85, 95, 86, 91, 81, 90}')"
260672199,"(554, '{86, 85, 6, 97, 19, 66, 26, 14, 15, 49, 75, 64, 35, 54, 31, 9, 82, 29, 81, 13}')","(1018, '{52, 71, 34, 95, 68, 25, 44, 38, 47, 77, 92, 84, 94, 12, 61, 9, 89, 56, 28, 75}')"
260675211,"(554, '{86, 85, 6, 97, 19, 66, 26, 14, 15, 49, 75, 64, 35, 54, 31, 9, 82, 29, 81, 13}')","(590, '{79, 13, 45, 64, 32, 95, 67, 27, 78, 18, 41, 69, 15, 29, 72, 57, 81, 50, 60, 14}')"
260676553,"(590, '{79, 13, 45, 64, 32, 95, 67, 27, 78, 18, 41, 69, 15, 29, 72, 57, 81, 50, 60, 14}')","(554, '{86, 85, 6, 97, 19, 66, 26, 14, 15, 49, 75, 64, 35, 54, 31, 9, 82, 29, 81, 13}')"
260677964,"(683, '{12, 14, 77, 74, 63, 21, 69, 13, 84, 93, 35, 89, 45, 60, 15, 57, 51, 18, 42, 62}')","(1018, '{52, 71, 34, 95, 68, 25, 44, 38, 47, 77, 92, 84, 94, 12, 61, 9, 89, 56, 28, 75}')"
260679328,"(1023, '{70, 54, 19, 58, 46, 14, 67, 80, 3, 93, 47, 50, 74, 72, 85, 95, 86, 91, 81, 90}')","(554, '{86, 85, 6, 97, 19, 66, 26, 14, 15, 49, 75, 64, 35, 54, 31, 9, 82, 29, 81, 13}')"
260679652,"(1018, '{52, 71, 34, 95, 68, 25, 44, 38, 47, 77, 92, 84, 94, 12, 61, 9, 89, 56, 28, 75}')","(683, '{12, 14, 77, 74, 63, 21, 69, 13, 84, 93, 35, 89, 45, 60, 15, 57, 51, 18, 42, 62}')"
260681550,"(1023, '{70, 54, 19, 58, 46, 14, 67, 80, 3, 93, 47, 50, 74, 72, 85, 95, 86, 91, 81, 90}')","(1018, '{52, 71, 34, 95, 68, 25, 44, 38, 47, 77, 92, 84, 94, 12, 61, 9, 89, 56, 28, 75}')"
260683211,"(1023, '{70, 54, 19, 58, 46, 14, 67, 80, 3, 93, 47, 50, 74, 72, 85, 95, 86, 91, 81, 90}')","(554, '{86, 85, 6, 97, 19, 66, 26, 14, 15, 49, 75, 64, 35, 54, 31, 9, 82, 29, 81, 13}')"
260684881,"(554, '{86, 85, 6, 97, 19, 66, 26, 14, 15, 49, 75, 64, 35, 54, 31, 9, 82, 29, 81, 13}')","(1018, '{52, 71, 34, 95, 68, 25, 44, 38, 47, 77, 92, 84, 94, 12, 61, 9, 89, 56, 28, 75}')"
260686400,"(1023, '{70, 54, 19, 58, 46, 14, 67, 80, 3, 93, 47, 50, 74, 72, 85, 95, 86, 91, 81, 90}')","(683, '{12, 14, 77, 74, 63, 21, 69, 13, 84, 93, 35, 89, 45, 60, 15, 57, 51, 18, 42, 62}')"
260689524,"(683, '{12, 14, 77, 74, 63, 21, 69, 13, 84, 93, 35, 89, 45, 60, 15, 57, 51, 18, 42, 62}')","(1023, '{70, 54, 19, 58, 46, 14, 67, 80, 3, 93, 47, 50, 74, 72, 85, 95, 86, 91, 81, 90}')"
260705446,"(554, '{86, 85, 6, 97, 19, 66, 26, 14, 15, 49, 75, 64, 35, 54, 31, 9, 82, 29, 81, 13}')","(1018, '{52, 71, 34, 95, 68, 25, 44, 38, 47, 77, 92, 84, 94, 12, 61, 9, 89, 56, 28, 75}')"
260706197,"(554, '{86, 85, 6, 97, 19, 66, 26, 14, 15, 49, 75, 64, 35, 54, 31, 9, 82, 29, 81, 13}')","(1018, '{52, 71, 34, 95, 68, 25, 44, 38, 47, 77, 92, 84, 94, 12, 61, 9, 89, 56, 28, 75}')"
260706957,"(1023, '{70, 54, 19, 58, 46, 14, 67, 80, 3, 93, 47, 50, 74, 72, 85, 95, 86, 91, 81, 90}')","(590, '{79, 13, 45, 64, 32, 95, 67, 27, 78, 18, 41, 69, 15, 29, 72, 57, 81, 50, 60, 14}')"
260708750,"(683, '{12, 14, 77, 74, 63, 21, 69, 13, 84, 93, 35, 89, 45, 60, 15, 57, 51, 18, 42, 62}')","(1018, '{52, 71, 34, 95, 68, 25, 44, 38, 47, 77, 92, 84, 94, 12, 61, 9, 89, 56, 28, 75}')"
260708761,"(1018, '{52, 71, 34, 95, 68, 25, 44, 38, 47, 77, 92, 84, 94, 12, 61, 9, 89, 56, 28, 75}')","(554, '{86, 85, 6, 97, 19, 66, 26, 14, 15, 49, 75, 64, 35, 54, 31, 9, 82, 29, 81, 13}')"
260709168,"(1023, '{70, 54, 19, 58, 46, 14, 67, 80, 3, 93, 47, 50, 74, 72, 85, 95, 86, 91, 81, 90}')","(590, '{79, 13, 45, 64, 32, 95, 67, 27, 78, 18, 41, 69, 15, 29, 72, 57, 81, 50, 60, 14}')"
260709325,"(1023, '{70, 54, 19, 58, 46, 14, 67, 80, 3, 93, 47, 50, 74, 72, 85, 95, 86, 91, 81, 90}')","(1018, '{52, 71, 34, 95, 68, 25, 44, 38, 47, 77, 92, 84, 94, 12, 61, 9, 89, 56, 28, 75}')"
260709432,"(1018, '{52, 71, 34, 95, 68, 25, 44, 38, 47, 77, 92, 84, 94, 12, 61, 9, 89, 56, 28, 75}')","(683, '{12, 14, 77, 74, 63, 21, 69, 13, 84, 93, 35, 89, 45, 60, 15, 57, 51, 18, 42, 62}')"
260709533,"(683, '{12, 14, 77, 74, 63, 21, 69, 13, 84, 93, 35, 89, 45, 60, 15, 57, 51, 18, 42, 62}')","(554, '{86, 85, 6, 97, 19, 66, 26, 14, 15, 49, 75, 64, 35, 54, 31, 9, 82, 29, 81, 13}')"
260709823,"(1018, '{52, 71, 34, 95, 68, 25, 44, 38, 47, 77, 92, 84, 94, 12, 61, 9, 89, 56, 28, 75}')","(590, '{79, 13, 45, 64, 32, 95, 67, 27, 78, 18, 41, 69, 15, 29, 72, 57, 81, 50, 60, 14}')"
260709993,"(1023, '{70, 54, 19, 58, 46, 14, 67, 80, 3, 93, 47, 50, 74, 72, 85, 95, 86, 91, 81, 90}')","(1018, '{52, 71, 34, 95, 68, 25, 44, 38, 47, 77, 92, 84, 94, 12, 61, 9, 89, 56, 28, 75}')"
260711452,"(554, '{86, 85, 6, 97, 19, 66, 26, 14, 15, 49, 75, 64, 35, 54, 31, 9, 82, 29, 81, 13}')","(590, '{79, 13, 45, 64, 32, 95, 67, 27, 78, 18, 41, 69, 15, 29, 72, 57, 81, 50, 60, 14}')"
260711756,"(590, '{79, 13, 45, 64, 32, 95, 67, 27, 78, 18, 41, 69, 15, 29, 72, 57, 81, 50, 60, 14}')","(683, '{12, 14, 77, 74, 63, 21, 69, 13, 84, 93, 35, 89, 45, 60, 15, 57, 51, 18, 42, 62}')"
260712115,"(590, '{79, 13, 45, 64, 32, 95, 67, 27, 78, 18, 41, 69, 15, 29, 72, 57, 81, 50, 60, 14}')","(1023, '{70, 54, 19, 58, 46, 14, 67, 80, 3, 93, 47, 50, 74, 72, 85, 95, 86, 91, 81, 90}')"
260713187,"(683, '{12, 14, 77, 74, 63, 21, 69, 13, 84, 93, 35, 89, 45, 60, 15, 57, 51, 18, 42, 62}')","(1018, '{52, 71, 34, 95, 68, 25, 44, 38, 47, 77, 92, 84, 94, 12, 61, 9, 89, 56, 28, 75}')"
260713612,"(1023, '{70, 54, 19, 58, 46, 14, 67, 80, 3, 93, 47, 50, 74, 72, 85, 95, 86, 91, 81, 90}')","(1018, '{52, 71, 34, 95, 68, 25, 44, 38, 47, 77, 92, 84, 94, 12, 61, 9, 89, 56, 28, 75}')"
260715023,"(590, '{79, 13, 45, 64, 32, 95, 67, 27, 78, 18, 41, 69, 15, 29, 72, 57, 81, 50, 60, 14}')","(1018, '{52, 71, 34, 95, 68, 25, 44, 38, 47, 77, 92, 84, 94, 12, 61, 9, 89, 56, 28, 75}')"
260715036,"(1018, '{52, 71, 34, 95, 68, 25, 44, 38, 47, 77, 92, 84, 94, 12, 61, 9, 89, 56, 28, 75}')","(1023, '{70, 54, 19, 58, 46, 14, 67, 80, 3, 93, 47, 50, 74, 72, 85, 95, 86, 91, 81, 90}')"
260715137,"(590, '{79, 13, 45, 64, 32, 95, 67, 27, 78, 18, 41, 69, 15, 29, 72, 57, 81, 50, 60, 14}')","(554, '{86, 85, 6, 97, 19, 66, 26, 14, 15, 49, 75, 64, 35, 54, 31, 9, 82, 29, 81, 13}')"
260715364,"(683, '{12, 14, 77, 74, 63, 21, 69, 13, 84, 93, 35, 89, 45, 60, 15, 57, 51, 18, 42, 62}')","(554, '{86, 85, 6, 97, 19, 66, 26, 14, 15, 49, 75, 64, 35, 54, 31, 9, 82, 29, 81, 13}')"
260715482,"(1018, '{52, 71, 34, 95, 68, 25, 44, 38, 47, 77, 92, 84, 94, 12, 61, 9, 89, 56, 28, 75}')","(590, '{79, 13, 45, 64, 32, 95, 67, 27, 78, 18, 41, 69, 15, 29, 72, 57, 81, 50, 60, 14}')"
260715797,"(554, '{86, 85, 6, 97, 19, 66, 26, 14, 15, 49, 75, 64, 35, 54, 31, 9, 82, 29, 81, 13}')","(1023, '{70, 54, 19, 58, 46, 14, 67, 80, 3, 93, 47, 50, 74, 72, 85, 95, 86, 91, 81, 90}')"
260716296,"(1023, '{70, 54, 19, 58, 46, 14, 67, 80, 3, 93, 47, 50, 74, 72, 85, 95, 86, 91, 81, 90}')","(1018, '{52, 71, 34, 95, 68, 25, 44, 38, 47, 77, 92, 84, 94, 12, 61, 9, 89, 56, 28, 75}')"
260716384,"(683, '{12, 14, 77, 74, 63, 21, 69, 13, 84, 93, 35, 89, 45, 60, 15, 57, 51, 18, 42, 62}')","(590, '{79, 13, 45, 64, 32, 95, 67, 27, 78, 18, 41, 69, 15, 29, 72, 57, 81, 50, 60, 14}')"
260716675,"(1023, '{70, 54, 19, 58, 46, 14, 67, 80, 3, 93, 47, 50, 74, 72, 85, 95, 86, 91, 81, 90}')","(683, '{12, 14, 77, 74, 63, 21, 69, 13, 84, 93, 35, 89, 45, 60, 15, 57, 51, 18, 42, 62}')"
260716968,"(590, '{79, 13, 45, 64, 32, 95, 67, 27, 78, 18, 41, 69, 15, 29, 72, 57, 81, 50, 60, 14}')","(683, '{12, 14, 77, 74, 63, 21, 69, 13, 84, 93, 35, 89, 45, 60, 15, 57, 51, 18, 42, 62}')"
260718384,"(1023, '{70, 54, 19, 58, 46, 14, 67, 80, 3, 93, 47, 50, 74, 72, 85, 95, 86, 91, 81, 90}')","(590, '{79, 13, 45, 64, 32, 95, 67, 27, 78, 18, 41, 69, 15, 29, 72, 57, 81, 50, 60, 14}')"
260719278,"(554, '{86, 85, 6, 97, 19, 66, 26, 14, 15, 49, 75, 64, 35, 54, 31, 9, 82, 29, 81, 13}')","(590, '{79, 13, 45, 64, 32, 95, 67, 27, 78, 18, 41, 69, 15, 29, 72, 57, 81, 50, 60, 14}')"
260719369,"(1023, '{70, 54, 19, 58, 46, 14, 67, 80, 3, 93, 47, 50, 74, 72, 85, 95, 86, 91, 81, 90}')","(1018, '{52, 71, 34, 95, 68, 25, 44, 38, 47, 77, 92, 84, 94, 12, 61, 9, 89, 56, 28, 75}')"
260720343,"(590, '{79, 13, 45, 64, 32, 95, 67, 27, 78, 18, 41, 69, 15, 29, 72, 57, 81, 50, 60, 14}')","(1018, '{52, 71, 34, 95, 68, 25, 44, 38, 47, 77, 92, 84, 94, 12, 61, 9, 89, 56, 28, 75}')"
260721459,"(683, '{12, 14, 77, 74, 63, 21, 69, 13, 84, 93, 35, 89, 45, 60, 15, 57, 51, 18, 42, 62}')","(1018, '{52, 71, 34, 95, 68, 25, 44, 38, 47, 77, 92, 84, 94, 12, 61, 9, 89, 56, 28, 75}')"
260723118,"(590, '{79, 13, 45, 64, 32, 95, 67, 27, 78, 18, 41, 69, 15, 29, 72, 57, 81, 50, 60, 14}')","(683, '{12, 14, 77, 74, 63, 21, 69, 13, 84, 93, 35, 89, 45, 60, 15, 57, 51, 18, 42, 62}')"
260724331,"(1023, '{70, 54, 19, 58, 46, 14, 67, 80, 3, 93, 47, 50, 74, 72, 85, 95, 86, 91, 81, 90}')","(554, '{86, 85, 6, 97, 19, 66, 26, 14, 15, 49, 75, 64, 35, 54, 31, 9, 82, 29, 81, 13}')"
260725232,"(1018, '{52, 71, 34, 95, 68, 25, 44, 38, 47, 77, 92, 84, 94, 12, 61, 9, 89, 56, 28, 75}')","(590, '{79, 13, 45, 64, 32, 95, 67, 27, 78, 18, 41, 69, 15, 29, 72, 57, 81, 50, 60, 14}')"
260725824,"(1018, '{52, 71, 34, 95, 68, 25, 44, 38, 47, 77, 92, 84, 94, 12, 61, 9, 89, 56, 28, 75}')","(683, '{12, 14, 77, 74, 63, 21, 69, 13, 84, 93, 35, 89, 45, 60, 15, 57, 51, 18, 42, 62}')"
260726205,"(1018, '{52, 71, 34, 95, 68, 25, 44, 38, 47, 77, 92, 84, 94, 12, 61, 9, 89, 56, 28, 75}')","(1023, '{70, 54, 19, 58, 46, 14, 67, 80, 3, 93, 47, 50, 74, 72, 85, 95, 86, 91, 81, 90}')"
260727610,"(590, '{79, 13, 45, 64, 32, 95, 67, 27, 78, 18, 41, 69, 15, 29, 72, 57, 81, 50, 60, 14}')","(554, '{86, 85, 6, 97, 19, 66, 26, 14, 15, 49, 75, 64, 35, 54, 31, 9, 82, 29, 81, 13}')"
260727881,"(554, '{86, 85, 6, 97, 19, 66, 26, 14, 15, 49, 75, 64, 35, 54, 31, 9, 82, 29, 81, 13}')","(1018, '{52, 71, 34, 95, 68, 25, 44, 38, 47, 77, 92, 84, 94, 12, 61, 9, 89, 56, 28, 75}')"
260727995,"(590, '{79, 13, 45, 64, 32, 95, 67, 27, 78, 18, 41, 69, 15, 29, 72, 57, 81, 50, 60, 14}')","(683, '{12, 14, 77, 74, 63, 21, 69, 13, 84, 93, 35, 89, 45, 60, 15, 57, 51, 18, 42, 62}')"
260728210,"(1018, '{52, 71, 34, 95, 68, 25, 44, 38, 47, 77, 92, 84, 94, 12, 61, 9, 89, 56, 28, 75}')","(683, '{12, 14, 77, 74, 63, 21, 69, 13, 84, 93, 35, 89, 45, 60, 15, 57, 51, 18, 42, 62}')"
260729073,"(554, '{86, 85, 6, 97, 19, 66, 26, 14, 15, 49, 75, 64, 35, 54, 31, 9, 82, 29, 81, 13}')","(1018, '{52, 71, 34, 95, 68, 25, 44, 38, 47, 77, 92, 84, 94, 12, 61, 9, 89, 56, 28, 75}')"
260729623,"(590, '{79, 13, 45, 64, 32, 95, 67, 27, 78, 18, 41, 69, 15, 29, 72, 57, 81, 50, 60, 14}')","(1023, '{70, 54, 19, 58, 46, 14, 67, 80, 3, 93, 47, 50, 74, 72, 85, 95, 86, 91, 81, 90}')"
260730162,"(554, '{86, 85, 6, 97, 19, 66, 26, 14, 15, 49, 75, 64, 35, 54, 31, 9, 82, 29, 81, 13}')","(590, '{79, 13, 45, 64, 32, 95, 67, 27, 78, 18, 41, 69, 15, 29, 72, 57, 81, 50, 60, 14}')"
260731124,"(1018, '{52, 71, 34, 95, 68, 25, 44, 38, 47, 77, 92, 84, 94, 12, 61, 9, 89, 56, 28, 75}')","(683, '{12, 14, 77, 74, 63, 21, 69, 13, 84, 93, 35, 89, 45, 60, 15, 57, 51, 18, 42, 62}')"
260731715,"(1023, '{70, 54, 19, 58, 46, 14, 67, 80, 3, 93, 47, 50, 74, 72, 85, 95, 86, 91, 81, 90}')","(554, '{86, 85, 6, 97, 19, 66, 26, 14, 15, 49, 75, 64, 35, 54, 31, 9, 82, 29, 81, 13}')"
260732199,"(554, '{86, 85, 6, 97, 19, 66, 26, 14, 15, 49, 75, 64, 35, 54, 31, 9, 82, 29, 81, 13}')","(590, '{79, 13, 45, 64, 32, 95, 67, 27, 78, 18, 41, 69, 15, 29, 72, 57, 81, 50, 60, 14}')"
260733168,"(683, '{12, 14, 77, 74, 63, 21, 69, 13, 84, 93, 35, 89, 45, 60, 15, 57, 51, 18, 42, 62}')","(590, '{79, 13, 45, 64, 32, 95, 67, 27, 78, 18, 41, 69, 15, 29, 72, 57, 81, 50, 60, 14}')"
260733622,"(590, '{79, 13, 45, 64, 32, 95, 67, 27, 78, 18, 41, 69, 15, 29, 72, 57, 81, 50, 60, 14}')","(1018, '{52, 71, 34, 95, 68, 25, 44, 38, 47, 77, 92, 84, 94, 12, 61, 9, 89, 56, 28, 75}')"
260735232,"(1023, '{70, 54, 19, 58, 46, 14, 67, 80, 3, 93, 47, 50, 74, 72, 85, 95, 86, 91, 81, 90}')","(590, '{79, 13, 45, 64, 32, 95, 67, 27, 78, 18, 41, 69, 15, 29, 72, 57, 81, 50, 60, 14}')"
260735338,"(554, '{86, 85, 6, 97, 19, 66, 26, 14, 15, 49, 75, 64, 35, 54, 31, 9, 82, 29, 81, 13}')","(590, '{79, 13, 45, 64, 32, 95, 67, 27, 78, 18, 41, 69, 15, 29, 72, 57, 81, 50, 60, 14}')"
260735422,"(1023, '{70, 54, 19, 58, 46, 14, 67, 80, 3, 93, 47, 50, 74, 72, 85, 95, 86, 91, 81, 90}')","(683, '{12, 14, 77, 74, 63, 21, 69, 13, 84, 93, 35, 89, 45, 60, 15, 57, 51, 18, 42, 62}')"
260736215,"(683, '{12, 14, 77, 74, 63, 21, 69, 13, 84, 93, 35, 89, 45, 60, 15, 57, 51, 18, 42, 62}')","(1023, '{70, 54, 19, 58, 46, 14, 67, 80, 3, 93, 47, 50, 74, 72, 85, 95, 86, 91, 81, 90}')"
260736764,"(1018, '{52, 71, 34, 95, 68, 25, 44, 38, 47, 77, 92, 84, 94, 12, 61, 9, 89, 56, 28, 75}')","(590, '{79, 13, 45, 64, 32, 95, 67, 27, 78, 18, 41, 69, 15, 29, 72, 57, 81, 50, 60, 14}')"
260737815,"(554, '{86, 85, 6, 97, 19, 66, 26, 14, 15, 49, 75, 64, 35, 54, 31, 9, 82, 29, 81, 13}')","(1018, '{52, 71, 34, 95, 68, 25, 44, 38, 47, 77, 92, 84, 94, 12, 61, 9, 89, 56, 28, 75}')"
260738242,"(554, '{86, 85, 6, 97, 19, 66, 26, 14, 15, 49, 75, 64, 35, 54, 31, 9, 82, 29, 81, 13}')","(1018, '{52, 71, 34, 95, 68, 25, 44, 38, 47, 77, 92, 84, 94, 12, 61, 9, 89, 56, 28, 75}')"
260738307,"(590, '{79, 13, 45, 64, 32, 95, 67, 27, 78, 18, 41, 69, 15, 29, 72, 57, 81, 50, 60, 14}')","(1018, '{52, 71, 34, 95, 68, 25, 44, 38, 47, 77, 92, 84, 94, 12, 61, 9, 89, 56, 28, 75}')"
260738494,"(554, '{86, 85, 6, 97, 19, 66, 26, 14, 15, 49, 75, 64, 35, 54, 31, 9, 82, 29, 81, 13}')","(683, '{12, 14, 77, 74, 63, 21, 69, 13, 84, 93, 35, 89, 45, 60, 15, 57, 51, 18, 42, 62}')"
260738518,"(554, '{86, 85, 6, 97, 19, 66, 26, 14, 15, 49, 75, 64, 35, 54, 31, 9, 82, 29, 81, 13}')","(1018, '{52, 71, 34, 95, 68, 25, 44, 38, 47, 77, 92, 84, 94, 12, 61, 9, 89, 56, 28, 75}')"
260738557,"(683, '{12, 14, 77, 74, 63, 21, 69, 13, 84, 93, 35, 89, 45, 60, 15, 57, 51, 18, 42, 62}')","(1018, '{52, 71, 34, 95, 68, 25, 44, 38, 47, 77, 92, 84, 94, 12, 61, 9, 89, 56, 28, 75}')"
260738717,"(590, '{79, 13, 45, 64, 32, 95, 67, 27, 78, 18, 41, 69, 15, 29, 72, 57, 81, 50, 60, 14}')","(1023, '{70, 54, 19, 58, 46, 14, 67, 80, 3, 93, 47, 50, 74, 72, 85, 95, 86, 91, 81, 90}')"
260739770,"(554, '{86, 85, 6, 97, 19, 66, 26, 14, 15, 49, 75, 64, 35, 54, 31, 9, 82, 29, 81, 13}')","(683, '{12, 14, 77, 74, 63, 21, 69, 13, 84, 93, 35, 89, 45, 60, 15, 57, 51, 18, 42, 62}')"
260740469,"(1023, '{70, 54, 19, 58, 46, 14, 67, 80, 3, 93, 47, 50, 74, 72, 85, 95, 86, 91, 81, 90}')","(683, '{12, 14, 77, 74, 63, 21, 69, 13, 84, 93, 35, 89, 45, 60, 15, 57, 51, 18, 42, 62}')"
260741003,"(1023, '{70, 54, 19, 58, 46, 14, 67, 80, 3, 93, 47, 50, 74, 72, 85, 95, 86, 91, 81, 90}')","(1018, '{52, 71, 34, 95, 68, 25, 44, 38, 47, 77, 92, 84, 94, 12, 61, 9, 89, 56, 28, 75}')"
260741287,"(683, '{12, 14, 77, 74, 63, 21, 69, 13, 84, 93, 35, 89, 45, 60, 15, 57, 51, 18, 42, 62}')","(1023, '{70, 54, 19, 58, 46, 14, 67, 80, 3, 93, 47, 50, 74, 72, 85, 95, 86, 91, 81, 90}')"
260741437,"(1023, '{70, 54, 19, 58, 46, 14, 67, 80, 3, 93, 47, 50, 74, 72, 85, 95, 86, 91, 81, 90}')","(683, '{12, 14, 77, 74, 63, 21, 69, 13, 84, 93, 35, 89, 45, 60, 15, 57, 51, 18, 42, 62}')"
260741630,"(1023, '{70, 54, 19, 58, 46, 14, 67, 80, 3, 93, 47, 50, 74, 72, 85, 95, 86, 91, 81, 90}')","(683, '{12, 14, 77, 74, 63, 21, 69, 13, 84, 93, 35, 89, 45, 60, 15, 57, 51, 18, 42, 62}')"
260743420,"(590, '{79, 13, 45, 64, 32, 95, 67, 27, 78, 18, 41, 69, 15, 29, 72, 57, 81, 50, 60, 14}')","(554, '{86, 85, 6, 97, 19, 66, 26, 14, 15, 49, 75, 64, 35, 54, 31, 9, 82, 29, 81, 13}')"
260743775,"(554, '{86, 85, 6, 97, 19, 66, 26, 14, 15, 49, 75, 64, 35, 54, 31, 9, 82, 29, 81, 13}')","(590, '{79, 13, 45, 64, 32, 95, 67, 27, 78, 18, 41, 69, 15, 29, 72, 57, 81, 50, 60, 14}')"
260744086,"(590, '{79, 13, 45, 64, 32, 95, 67, 27, 78, 18, 41, 69, 15, 29, 72, 57, 81, 50, 60, 14}')","(1023, '{70, 54, 19, 58, 46, 14, 67, 80, 3, 93, 47, 50, 74, 72, 85, 95, 86, 91, 81, 90}')"
260744474,"(1018, '{52, 71, 34, 95, 68, 25, 44, 38, 47, 77, 92, 84, 94, 12, 61, 9, 89, 56, 28, 75}')","(1023, '{70, 54, 19, 58, 46, 14, 67, 80, 3, 93, 47, 50, 74, 72, 85, 95, 86, 91, 81, 90}')"
260744805,"(1023, '{70, 54, 19, 58, 46, 14, 67, 80, 3, 93, 47, 50, 74, 72, 85, 95, 86, 91, 81, 90}')","(590, '{79, 13, 45, 64, 32, 95, 67, 27, 78, 18, 41, 69, 15, 29, 72, 57, 81, 50, 60, 14}')"
260745231,"(683, '{12, 14, 77, 74, 63, 21, 69, 13, 84, 93, 35, 89, 45, 60, 15, 57, 51, 18, 42, 62}')","(554, '{86, 85, 6, 97, 19, 66, 26, 14, 15, 49, 75, 64, 35, 54, 31, 9, 82, 29, 81, 13}')"
260745290,"(1023, '{70, 54, 19, 58, 46, 14, 67, 80, 3, 93, 47, 50, 74, 72, 85, 95, 86, 91, 81, 90}')","(683, '{12, 14, 77, 74, 63, 21, 69, 13, 84, 93, 35, 89, 45, 60, 15, 57, 51, 18, 42, 62}')"
260746475,"(1023, '{70, 54, 19, 58, 46, 14, 67, 80, 3, 93, 47, 50, 74, 72, 85, 95, 86, 91, 81, 90}')","(1018, '{52, 71, 34, 95, 68, 25, 44, 38, 47, 77, 92, 84, 94, 12, 61, 9, 89, 56, 28, 75}')"
260747295,"(590, '{79, 13, 45, 64, 32, 95, 67, 27, 78, 18, 41, 69, 15, 29, 72, 57, 81, 50, 60, 14}')","(1018, '{52, 71, 34, 95, 68, 25, 44, 38, 47, 77, 92, 84, 94, 12, 61, 9, 89, 56, 28, 75}')"
260750643,"(554, '{86, 85, 6, 97, 19, 66, 26, 14, 15, 49, 75, 64, 35, 54, 31, 9, 82, 29, 81, 13}')","(683, '{12, 14, 77, 74, 63, 21, 69, 13, 84, 93, 35, 89, 45, 60, 15, 57, 51, 18, 42, 62}')"
260759306,"(554, '{86, 85, 6, 97, 19, 66, 26, 14, 15, 49, 75, 64, 35, 54, 31, 9, 82, 29, 81, 13}')","(1018, '{52, 71, 34, 95, 68, 25, 44, 38, 47, 77, 92, 84, 94, 12, 61, 9, 89, 56, 28, 75}')"
260761003,"(1018, '{52, 71, 34, 95, 68, 25, 44, 38, 47, 77, 92, 84, 94, 12, 61, 9, 89, 56, 28, 75}')","(683, '{12, 14, 77, 74, 63, 21, 69, 13, 84, 93, 35, 89, 45, 60, 15, 57, 51, 18, 42, 62}')"
260761037,"(590, '{79, 13, 45, 64, 32, 95, 67, 27, 78, 18, 41, 69, 15, 29, 72, 57, 81, 50, 60, 14}')","(1023, '{70, 54, 19, 58, 46, 14, 67, 80, 3, 93, 47, 50, 74, 72, 85, 95, 86, 91, 81, 90}')"
260761475,"(1018, '{52, 71, 34, 95, 68, 25, 44, 38, 47, 77, 92, 84, 94, 12, 61, 9, 89, 56, 28, 75}')","(554, '{86, 85, 6, 97, 19, 66, 26, 14, 15, 49, 75, 64, 35, 54, 31, 9, 82, 29, 81, 13}')"
260761889,"(590, '{79, 13, 45, 64, 32, 95, 67, 27, 78, 18, 41, 69, 15, 29, 72, 57, 81, 50, 60, 14}')","(554, '{86, 85, 6, 97, 19, 66, 26, 14, 15, 49, 75, 64, 35, 54, 31, 9, 82, 29, 81, 13}')"
260762251,"(1023, '{70, 54, 19, 58, 46, 14, 67, 80, 3, 93, 47, 50, 74, 72, 85, 95, 86, 91, 81, 90}')","(683, '{12, 14, 77, 74, 63, 21, 69, 13, 84, 93, 35, 89, 45, 60, 15, 57, 51, 18, 42, 62}')"
260762357,"(554, '{86, 85, 6, 97, 19, 66, 26, 14, 15, 49, 75, 64, 35, 54, 31, 9, 82, 29, 81, 13}')","(1023, '{70, 54, 19, 58, 46, 14, 67, 80, 3, 93, 47, 50, 74, 72, 85, 95, 86, 91, 81, 90}')"
260762942,"(1023, '{70, 54, 19, 58, 46, 14, 67, 80, 3, 93, 47, 50, 74, 72, 85, 95, 86, 91, 81, 90}')","(1018, '{52, 71, 34, 95, 68, 25, 44, 38, 47, 77, 92, 84, 94, 12, 61, 9, 89, 56, 28, 75}')"
260763198,"(590, '{79, 13, 45, 64, 32, 95, 67, 27, 78, 18, 41, 69, 15, 29, 72, 57, 81, 50, 60, 14}')","(1018, '{52, 71, 34, 95, 68, 25, 44, 38, 47, 77, 92, 84, 94, 12, 61, 9, 89, 56, 28, 75}')"
260763354,"(683, '{12, 14, 77, 74, 63, 21, 69, 13, 84, 93, 35, 89, 45, 60, 15, 57, 51, 18, 42, 62}')","(1018, '{52, 71, 34, 95, 68, 25, 44, 38, 47, 77, 92, 84, 94, 12, 61, 9, 89, 56, 28, 75}')"
260763624,"(1018, '{52, 71, 34, 95, 68, 25, 44, 38, 47, 77, 92, 84, 94, 12, 61, 9, 89, 56, 28, 75}')","(590, '{79, 13, 45, 64, 32, 95, 67, 27, 78, 18, 41, 69, 15, 29, 72, 57, 81, 50, 60, 14}')"
260763893,"(554, '{86, 85, 6, 97, 19, 66, 26, 14, 15, 49, 75, 64, 35, 54, 31, 9, 82, 29, 81, 13}')","(1023, '{70, 54, 19, 58, 46, 14, 67, 80, 3, 93, 47, 50, 74, 72, 85, 95, 86, 91, 81, 90}')"
260763921,"(590, '{79, 13, 45, 64, 32, 95, 67, 27, 78, 18, 41, 69, 15, 29, 72, 57, 81, 50, 60, 14}')","(1018, '{52, 71, 34, 95, 68, 25, 44, 38, 47, 77, 92, 84, 94, 12, 61, 9, 89, 56, 28, 75}')"
260764246,"(1018, '{52, 71, 34, 95, 68, 25, 44, 38, 47, 77, 92, 84, 94, 12, 61, 9, 89, 56, 28, 75}')","(590, '{79, 13, 45, 64, 32, 95, 67, 27, 78, 18, 41, 69, 15, 29, 72, 57, 81, 50, 60, 14}')"
260764561,"(1018, '{52, 71, 34, 95, 68, 25, 44, 38, 47, 77, 92, 84, 94, 12, 61, 9, 89, 56, 28, 75}')","(1023, '{70, 54, 19, 58, 46, 14, 67, 80, 3, 93, 47, 50, 74, 72, 85, 95, 86, 91, 81, 90}')"
260764608,"(683, '{12, 14, 77, 74, 63, 21, 69, 13, 84, 93, 35, 89, 45, 60, 15, 57, 51, 18, 42, 62}')","(1023, '{70, 54, 19, 58, 46, 14, 67, 80, 3, 93, 47, 50, 74, 72, 85, 95, 86, 91, 81, 90}')"
260764968,"(1018, '{52, 71, 34, 95, 68, 25, 44, 38, 47, 77, 92, 84, 94, 12, 61, 9, 89, 56, 28, 75}')","(683, '{12, 14, 77, 74, 63, 21, 69, 13, 84, 93, 35, 89, 45, 60, 15, 57, 51, 18, 42, 62}')"
260765213,"(1018, '{52, 71, 34, 95, 68, 25, 44, 38, 47, 77, 92, 84, 94, 12, 61, 9, 89, 56, 28, 75}')","(554, '{86, 85, 6, 97, 19, 66, 26, 14, 15, 49, 75, 64, 35, 54, 31, 9, 82, 29, 81, 13}')"
260765221,"(1023, '{70, 54, 19, 58, 46, 14, 67, 80, 3, 93, 47, 50, 74, 72, 85, 95, 86, 91, 81, 90}')","(554, '{86, 85, 6, 97, 19, 66, 26, 14, 15, 49, 75, 64, 35, 54, 31, 9, 82, 29, 81, 13}')"
260767363,"(1018, '{52, 71, 34, 95, 68, 25, 44, 38, 47, 77, 92, 84, 94, 12, 61, 9, 89, 56, 28, 75}')","(554, '{86, 85, 6, 97, 19, 66, 26, 14, 15, 49, 75, 64, 35, 54, 31, 9, 82, 29, 81, 13}')"
260767458,"(590, '{79, 13, 45, 64, 32, 95, 67, 27, 78, 18, 41, 69, 15, 29, 72, 57, 81, 50, 60, 14}')","(554, '{86, 85, 6, 97, 19, 66, 26, 14, 15, 49, 75, 64, 35, 54, 31, 9, 82, 29, 81, 13}')"
260767658,"(590, '{79, 13, 45, 64, 32, 95, 67, 27, 78, 18, 41, 69, 15, 29, 72, 57, 81, 50, 60, 14}')","(1018, '{52, 71, 34, 95, 68, 25, 44, 38, 47, 77, 92, 84, 94, 12, 61, 9, 89, 56, 28, 75}')"
260767754,"(554, '{86, 85, 6, 97, 19, 66, 26, 14, 15, 49, 75, 64, 35, 54, 31, 9, 82, 29, 81, 13}')","(1023, '{70, 54, 19, 58, 46, 14, 67, 80, 3, 93, 47, 50, 74, 72, 85, 95, 86, 91, 81, 90}')"
260767806,"(683, '{12, 14, 77, 74, 63, 21, 69, 13, 84, 93, 35, 89, 45, 60, 15, 57, 51, 18, 42, 62}')","(1018, '{52, 71, 34, 95, 68, 25, 44, 38, 47, 77, 92, 84, 94, 12, 61, 9, 89, 56, 28, 75}')"
260768566,"(1023, '{70, 54, 19, 58, 46, 14, 67, 80, 3, 93, 47, 50, 74, 72, 85, 95, 86, 91, 81, 90}')","(1018, '{52, 71, 34, 95, 68, 25, 44, 38, 47, 77, 92, 84, 94, 12, 61, 9, 89, 56, 28, 75}')"
260768752,"(683, '{12, 14, 77, 74, 63, 21, 69, 13, 84, 93, 35, 89, 45, 60, 15, 57, 51, 18, 42, 62}')","(590, '{79, 13, 45, 64, 32, 95, 67, 27, 78, 18, 41, 69, 15, 29, 72, 57, 81, 50, 60, 14}')"
260770119,"(1023, '{70, 54, 19, 58, 46, 14, 67, 80, 3, 93, 47, 50, 74, 72, 85, 95, 86, 91, 81, 90}')","(683, '{12, 14, 77, 74, 63, 21, 69, 13, 84, 93, 35, 89, 45, 60, 15, 57, 51, 18, 42, 62}')"
260770258,"(1023, '{70, 54, 19, 58, 46, 14, 67, 80, 3, 93, 47, 50, 74, 72, 85, 95, 86, 91, 81, 90}')","(554, '{86, 85, 6, 97, 19, 66, 26, 14, 15, 49, 75, 64, 35, 54, 31, 9, 82, 29, 81, 13}')"
260770277,"(590, '{79, 13, 45, 64, 32, 95, 67, 27, 78, 18, 41, 69, 15, 29, 72, 57, 81, 50, 60, 14}')","(1023, '{70, 54, 19, 58, 46, 14, 67, 80, 3, 93, 47, 50, 74, 72, 85, 95, 86, 91, 81, 90}')"
260770287,"(1023, '{70, 54, 19, 58, 46, 14, 67, 80, 3, 93, 47, 50, 74, 72, 85, 95, 86, 91, 81, 90}')","(590, '{79, 13, 45, 64, 32, 95, 67, 27, 78, 18, 41, 69, 15, 29, 72, 57, 81, 50, 60, 14}')"
260770356,"(683, '{12, 14, 77, 74, 63, 21, 69, 13, 84, 93, 35, 89, 45, 60, 15, 57, 51, 18, 42, 62}')","(554, '{86, 85, 6, 97, 19, 66, 26, 14, 15, 49, 75, 64, 35, 54, 31, 9, 82, 29, 81, 13}')"
260770467,"(554, '{86, 85, 6, 97, 19, 66, 26, 14, 15, 49, 75, 64, 35, 54, 31, 9, 82, 29, 81, 13}')","(590, '{79, 13, 45, 64, 32, 95, 67, 27, 78, 18, 41, 69, 15, 29, 72, 57, 81, 50, 60, 14}')"
260770472,"(1018, '{52, 71, 34, 95, 68, 25, 44, 38, 47, 77, 92, 84, 94, 12, 61, 9, 89, 56, 28, 75}')","(683, '{12, 14, 77, 74, 63, 21, 69, 13, 84, 93, 35, 89, 45, 60, 15, 57, 51, 18, 42, 62}')"
260770776,"(683, '{12, 14, 77, 74, 63, 21, 69, 13, 84, 93, 35, 89, 45, 60, 15, 57, 51, 18, 42, 62}')","(554, '{86, 85, 6, 97, 19, 66, 26, 14, 15, 49, 75, 64, 35, 54, 31, 9, 82, 29, 81, 13}')"
260771297,"(554, '{86, 85, 6, 97, 19, 66, 26, 14, 15, 49, 75, 64, 35, 54, 31, 9, 82, 29, 81, 13}')","(683, '{12, 14, 77, 74, 63, 21, 69, 13, 84, 93, 35, 89, 45, 60, 15, 57, 51, 18, 42, 62}')"
260771596,"(1023, '{70, 54, 19, 58, 46, 14, 67, 80, 3, 93, 47, 50, 74, 72, 85, 95, 86, 91, 81, 90}')","(683, '{12, 14, 77, 74, 63, 21, 69, 13, 84, 93, 35, 89, 45, 60, 15, 57, 51, 18, 42, 62}')"
260771684,"(683, '{12, 14, 77, 74, 63, 21, 69, 13, 84, 93, 35, 89, 45, 60, 15, 57, 51, 18, 42, 62}')","(590, '{79, 13, 45, 64, 32, 95, 67, 27, 78, 18, 41, 69, 15, 29, 72, 57, 81, 50, 60, 14}')"
260772451,"(1018, '{52, 71, 34, 95, 68, 25, 44, 38, 47, 77, 92, 84, 94, 12, 61, 9, 89, 56, 28, 75}')","(554, '{86, 85, 6, 97, 19, 66, 26, 14, 15, 49, 75, 64, 35, 54, 31, 9, 82, 29, 81, 13}')"
260772599,"(590, '{79, 13, 45, 64, 32, 95, 67, 27, 78, 18, 41, 69, 15, 29, 72, 57, 81, 50, 60, 14}')","(683, '{12, 14, 77, 74, 63, 21, 69, 13, 84, 93, 35, 89, 45, 60, 15, 57, 51, 18, 42, 62}')"
260772769,"(590, '{79, 13, 45, 64, 32, 95, 67, 27, 78, 18, 41, 69, 15, 29, 72, 57, 81, 50, 60, 14}')","(554, '{86, 85, 6, 97, 19, 66, 26, 14, 15, 49, 75, 64, 35, 54, 31, 9, 82, 29, 81, 13}')"
260772799,"(1023, '{70, 54, 19, 58, 46, 14, 67, 80, 3, 93, 47, 50, 74, 72, 85, 95, 86, 91, 81, 90}')","(683, '{12, 14, 77, 74, 63, 21, 69, 13, 84, 93, 35, 89, 45, 60, 15, 57, 51, 18, 42, 62}')"
260773111,"(554, '{86, 85, 6, 97, 19, 66, 26, 14, 15, 49, 75, 64, 35, 54, 31, 9, 82, 29, 81, 13}')","(683, '{12, 14, 77, 74, 63, 21, 69, 13, 84, 93, 35, 89, 45, 60, 15, 57, 51, 18, 42, 62}')"
260773599,"(1023, '{70, 54, 19, 58, 46, 14, 67, 80, 3, 93, 47, 50, 74, 72, 85, 95, 86, 91, 81, 90}')","(590, '{79, 13, 45, 64, 32, 95, 67, 27, 78, 18, 41, 69, 15, 29, 72, 57, 81, 50, 60, 14}')"
260773967,"(1023, '{70, 54, 19, 58, 46, 14, 67, 80, 3, 93, 47, 50, 74, 72, 85, 95, 86, 91, 81, 90}')","(554, '{86, 85, 6, 97, 19, 66, 26, 14, 15, 49, 75, 64, 35, 54, 31, 9, 82, 29, 81, 13}')"
260774170,"(1018, '{52, 71, 34, 95, 68, 25, 44, 38, 47, 77, 92, 84, 94, 12, 61, 9, 89, 56, 28, 75}')","(554, '{86, 85, 6, 97, 19, 66, 26, 14, 15, 49, 75, 64, 35, 54, 31, 9, 82, 29, 81, 13}')"
260774228,"(1018, '{52, 71, 34, 95, 68, 25, 44, 38, 47, 77, 92, 84, 94, 12, 61, 9, 89, 56, 28, 75}')","(683, '{12, 14, 77, 74, 63, 21, 69, 13, 84, 93, 35, 89, 45, 60, 15, 57, 51, 18, 42, 62}')"
260774232,"(590, '{79, 13, 45, 64, 32, 95, 67, 27, 78, 18, 41, 69, 15, 29, 72, 57, 81, 50, 60, 14}')","(683, '{12, 14, 77, 74, 63, 21, 69, 13, 84, 93, 35, 89, 45, 60, 15, 57, 51, 18, 42, 62}')"
260774295,"(1018, '{52, 71, 34, 95, 68, 25, 44, 38, 47, 77, 92, 84, 94, 12, 61, 9, 89, 56, 28, 75}')","(554, '{86, 85, 6, 97, 19, 66, 26, 14, 15, 49, 75, 64, 35, 54, 31, 9, 82, 29, 81, 13}')"
260774693,"(1018, '{52, 71, 34, 95, 68, 25, 44, 38, 47, 77, 92, 84, 94, 12, 61, 9, 89, 56, 28, 75}')","(590, '{79, 13, 45, 64, 32, 95, 67, 27, 78, 18, 41, 69, 15, 29, 72, 57, 81, 50, 60, 14}')"
260775042,"(1023, '{70, 54, 19, 58, 46, 14, 67, 80, 3, 93, 47, 50, 74, 72, 85, 95, 86, 91, 81, 90}')","(683, '{12, 14, 77, 74, 63, 21, 69, 13, 84, 93, 35, 89, 45, 60, 15, 57, 51, 18, 42, 62}')"
260775639,"(1018, '{52, 71, 34, 95, 68, 25, 44, 38, 47, 77, 92, 84, 94, 12, 61, 9, 89, 56, 28, 75}')","(1023, '{70, 54, 19, 58, 46, 14, 67, 80, 3, 93, 47, 50, 74, 72, 85, 95, 86, 91, 81, 90}')"
260775826,"(683, '{12, 14, 77, 74, 63, 21, 69, 13, 84, 93, 35, 89, 45, 60, 15, 57, 51, 18, 42, 62}')","(1018, '{52, 71, 34, 95, 68, 25, 44, 38, 47, 77, 92, 84, 94, 12, 61, 9, 89, 56, 28, 75}')"
260775855,"(683, '{12, 14, 77, 74, 63, 21, 69, 13, 84, 93, 35, 89, 45, 60, 15, 57, 51, 18, 42, 62}')","(554, '{86, 85, 6, 97, 19, 66, 26, 14, 15, 49, 75, 64, 35, 54, 31, 9, 82, 29, 81, 13}')"
260776180,"(554, '{86, 85, 6, 97, 19, 66, 26, 14, 15, 49, 75, 64, 35, 54, 31, 9, 82, 29, 81, 13}')","(683, '{12, 14, 77, 74, 63, 21, 69, 13, 84, 93, 35, 89, 45, 60, 15, 57, 51, 18, 42, 62}')"
260776308,"(554, '{86, 85, 6, 97, 19, 66, 26, 14, 15, 49, 75, 64, 35, 54, 31, 9, 82, 29, 81, 13}')","(683, '{12, 14, 77, 74, 63, 21, 69, 13, 84, 93, 35, 89, 45, 60, 15, 57, 51, 18, 42, 62}')"
260776361,"(1023, '{70, 54, 19, 58, 46, 14, 67, 80, 3, 93, 47, 50, 74, 72, 85, 95, 86, 91, 81, 90}')","(554, '{86, 85, 6, 97, 19, 66, 26, 14, 15, 49, 75, 64, 35, 54, 31, 9, 82, 29, 81, 13}')"
260776646,"(554, '{86, 85, 6, 97, 19, 66, 26, 14, 15, 49, 75, 64, 35, 54, 31, 9, 82, 29, 81, 13}')","(590, '{79, 13, 45, 64, 32, 95, 67, 27, 78, 18, 41, 69, 15, 29, 72, 57, 81, 50, 60, 14}')"
260776911,"(1018, '{52, 71, 34, 95, 68, 25, 44, 38, 47, 77, 92, 84, 94, 12, 61, 9, 89, 56, 28, 75}')","(1023, '{70, 54, 19, 58, 46, 14, 67, 80, 3, 93, 47, 50, 74, 72, 85, 95, 86, 91, 81, 90}')"
260776936,"(1018, '{52, 71, 34, 95, 68, 25, 44, 38, 47, 77, 92, 84, 94, 12, 61, 9, 89, 56, 28, 75}')","(683, '{12, 14, 77, 74, 63, 21, 69, 13, 84, 93, 35, 89, 45, 60, 15, 57, 51, 18, 42, 62}')"
260777355,"(1018, '{52, 71, 34, 95, 68, 25, 44, 38, 47, 77, 92, 84, 94, 12, 61, 9, 89, 56, 28, 75}')","(683, '{12, 14, 77, 74, 63, 21, 69, 13, 84, 93, 35, 89, 45, 60, 15, 57, 51, 18, 42, 62}')"
260777610,"(590, '{79, 13, 45, 64, 32, 95, 67, 27, 78, 18, 41, 69, 15, 29, 72, 57, 81, 50, 60, 14}')","(683, '{12, 14, 77, 74, 63, 21, 69, 13, 84, 93, 35, 89, 45, 60, 15, 57, 51, 18, 42, 62}')"
260778518,"(1018, '{52, 71, 34, 95, 68, 25, 44, 38, 47, 77, 92, 84, 94, 12, 61, 9, 89, 56, 28, 75}')","(590, '{79, 13, 45, 64, 32, 95, 67, 27, 78, 18, 41, 69, 15, 29, 72, 57, 81, 50, 60, 14}')"
260778863,"(554, '{86, 85, 6, 97, 19, 66, 26, 14, 15, 49, 75, 64, 35, 54, 31, 9, 82, 29, 81, 13}')","(683, '{12, 14, 77, 74, 63, 21, 69, 13, 84, 93, 35, 89, 45, 60, 15, 57, 51, 18, 42, 62}')"
260778998,"(554, '{86, 85, 6, 97, 19, 66, 26, 14, 15, 49, 75, 64, 35, 54, 31, 9, 82, 29, 81, 13}')","(1018, '{52, 71, 34, 95, 68, 25, 44, 38, 47, 77, 92, 84, 94, 12, 61, 9, 89, 56, 28, 75}')"
260779259,"(554, '{86, 85, 6, 97, 19, 66, 26, 14, 15, 49, 75, 64, 35, 54, 31, 9, 82, 29, 81, 13}')","(1023, '{70, 54, 19, 58, 46, 14, 67, 80, 3, 93, 47, 50, 74, 72, 85, 95, 86, 91, 81, 90}')"
260779330,"(590, '{79, 13, 45, 64, 32, 95, 67, 27, 78, 18, 41, 69, 15, 29, 72, 57, 81, 50, 60, 14}')","(554, '{86, 85, 6, 97, 19, 66, 26, 14, 15, 49, 75, 64, 35, 54, 31, 9, 82, 29, 81, 13}')"
260779440,"(590, '{79, 13, 45, 64, 32, 95, 67, 27, 78, 18, 41, 69, 15, 29, 72, 57, 81, 50, 60, 14}')","(683, '{12, 14, 77, 74, 63, 21, 69, 13, 84, 93, 35, 89, 45, 60, 15, 57, 51, 18, 42, 62}')"
260780117,"(590, '{79, 13, 45, 64, 32, 95, 67, 27, 78, 18, 41, 69, 15, 29, 72, 57, 81, 50, 60, 14}')","(1018, '{52, 71, 34, 95, 68, 25, 44, 38, 47, 77, 92, 84, 94, 12, 61, 9, 89, 56, 28, 75}')"
260780209,"(683, '{12, 14, 77, 74, 63, 21, 69, 13, 84, 93, 35, 89, 45, 60, 15, 57, 51, 18, 42, 62}')","(554, '{86, 85, 6, 97, 19, 66, 26, 14, 15, 49, 75, 64, 35, 54, 31, 9, 82, 29, 81, 13}')"
260780394,"(683, '{12, 14, 77, 74, 63, 21, 69, 13, 84, 93, 35, 89, 45, 60, 15, 57, 51, 18, 42, 62}')","(590, '{79, 13, 45, 64, 32, 95, 67, 27, 78, 18, 41, 69, 15, 29, 72, 57, 81, 50, 60, 14}')"
260780556,"(1018, '{52, 71, 34, 95, 68, 25, 44, 38, 47, 77, 92, 84, 94, 12, 61, 9, 89, 56, 28, 75}')","(683, '{12, 14, 77, 74, 63, 21, 69, 13, 84, 93, 35, 89, 45, 60, 15, 57, 51, 18, 42, 62}')"
260780918,"(590, '{79, 13, 45, 64, 32, 95, 67, 27, 78, 18, 41, 69, 15, 29, 72, 57, 81, 50, 60, 14}')","(554, '{86, 85, 6, 97, 19, 66, 26, 14, 15, 49, 75, 64, 35, 54, 31, 9, 82, 29, 81, 13}')"
260781780,"(683, '{12, 14, 77, 74, 63, 21, 69, 13, 84, 93, 35, 89, 45, 60, 15, 57, 51, 18, 42, 62}')","(1023, '{70, 54, 19, 58, 46, 14, 67, 80, 3, 93, 47, 50, 74, 72, 85, 95, 86, 91, 81, 90}')"
260782065,"(590, '{79, 13, 45, 64, 32, 95, 67, 27, 78, 18, 41, 69, 15, 29, 72, 57, 81, 50, 60, 14}')","(1023, '{70, 54, 19, 58, 46, 14, 67, 80, 3, 93, 47, 50, 74, 72, 85, 95, 86, 91, 81, 90}')"
260782158,"(683, '{12, 14, 77, 74, 63, 21, 69, 13, 84, 93, 35, 89, 45, 60, 15, 57, 51, 18, 42, 62}')","(554, '{86, 85, 6, 97, 19, 66, 26, 14, 15, 49, 75, 64, 35, 54, 31, 9, 82, 29, 81, 13}')"
260782491,"(1018, '{52, 71, 34, 95, 68, 25, 44, 38, 47, 77, 92, 84, 94, 12, 61, 9, 89, 56, 28, 75}')","(683, '{12, 14, 77, 74, 63, 21, 69, 13, 84, 93, 35, 89, 45, 60, 15, 57, 51, 18, 42, 62}')"
260782511,"(683, '{12, 14, 77, 74, 63, 21, 69, 13, 84, 93, 35, 89, 45, 60, 15, 57, 51, 18, 42, 62}')","(554, '{86, 85, 6, 97, 19, 66, 26, 14, 15, 49, 75, 64, 35, 54, 31, 9, 82, 29, 81, 13}')"
260782788,"(554, '{86, 85, 6, 97, 19, 66, 26, 14, 15, 49, 75, 64, 35, 54, 31, 9, 82, 29, 81, 13}')","(590, '{79, 13, 45, 64, 32, 95, 67, 27, 78, 18, 41, 69, 15, 29, 72, 57, 81, 50, 60, 14}')"
260782837,"(1018, '{52, 71, 34, 95, 68, 25, 44, 38, 47, 77, 92, 84, 94, 12, 61, 9, 89, 56, 28, 75}')","(1023, '{70, 54, 19, 58, 46, 14, 67, 80, 3, 93, 47, 50, 74, 72, 85, 95, 86, 91, 81, 90}')"
260782964,"(1023, '{70, 54, 19, 58, 46, 14, 67, 80, 3, 93, 47, 50, 74, 72, 85, 95, 86, 91, 81, 90}')","(590, '{79, 13, 45, 64, 32, 95, 67, 27, 78, 18, 41, 69, 15, 29, 72, 57, 81, 50, 60, 14}')"
260782973,"(1018, '{52, 71, 34, 95, 68, 25, 44, 38, 47, 77, 92, 84, 94, 12, 61, 9, 89, 56, 28, 75}')","(554, '{86, 85, 6, 97, 19, 66, 26, 14, 15, 49, 75, 64, 35, 54, 31, 9, 82, 29, 81, 13}')"
260783506,"(1018, '{52, 71, 34, 95, 68, 25, 44, 38, 47, 77, 92, 84, 94, 12, 61, 9, 89, 56, 28, 75}')","(1023, '{70, 54, 19, 58, 46, 14, 67, 80, 3, 93, 47, 50, 74, 72, 85, 95, 86, 91, 81, 90}')"
260783567,"(683, '{12, 14, 77, 74, 63, 21, 69, 13, 84, 93, 35, 89, 45, 60, 15, 57, 51, 18, 42, 62}')","(554, '{86, 85, 6, 97, 19, 66, 26, 14, 15, 49, 75, 64, 35, 54, 31, 9, 82, 29, 81, 13}')"
260784116,"(554, '{86, 85, 6, 97, 19, 66, 26, 14, 15, 49, 75, 64, 35, 54, 31, 9, 82, 29, 81, 13}')","(683, '{12, 14, 77, 74, 63, 21, 69, 13, 84, 93, 35, 89, 45, 60, 15, 57, 51, 18, 42, 62}')"
260784558,"(683, '{12, 14, 77, 74, 63, 21, 69, 13, 84, 93, 35, 89, 45, 60, 15, 57, 51, 18, 42, 62}')","(590, '{79, 13, 45, 64, 32, 95, 67, 27, 78, 18, 41, 69, 15, 29, 72, 57, 81, 50, 60, 14}')"
260784636,"(683, '{12, 14, 77, 74, 63, 21, 69, 13, 84, 93, 35, 89, 45, 60, 15, 57, 51, 18, 42, 62}')","(590, '{79, 13, 45, 64, 32, 95, 67, 27, 78, 18, 41, 69, 15, 29, 72, 57, 81, 50, 60, 14}')"
260784819,"(1023, '{70, 54, 19, 58, 46, 14, 67, 80, 3, 93, 47, 50, 74, 72, 85, 95, 86, 91, 81, 90}')","(1018, '{52, 71, 34, 95, 68, 25, 44, 38, 47, 77, 92, 84, 94, 12, 61, 9, 89, 56, 28, 75}')"
260785036,"(683, '{12, 14, 77, 74, 63, 21, 69, 13, 84, 93, 35, 89, 45, 60, 15, 57, 51, 18, 42, 62}')","(1023, '{70, 54, 19, 58, 46, 14, 67, 80, 3, 93, 47, 50, 74, 72, 85, 95, 86, 91, 81, 90}')"
260785279,"(683, '{12, 14, 77, 74, 63, 21, 69, 13, 84, 93, 35, 89, 45, 60, 15, 57, 51, 18, 42, 62}')","(554, '{86, 85, 6, 97, 19, 66, 26, 14, 15, 49, 75, 64, 35, 54, 31, 9, 82, 29, 81, 13}')"
260785292,"(1018, '{52, 71, 34, 95, 68, 25, 44, 38, 47, 77, 92, 84, 94, 12, 61, 9, 89, 56, 28, 75}')","(554, '{86, 85, 6, 97, 19, 66, 26, 14, 15, 49, 75, 64, 35, 54, 31, 9, 82, 29, 81, 13}')"
260785529,"(554, '{86, 85, 6, 97, 19, 66, 26, 14, 15, 49, 75, 64, 35, 54, 31, 9, 82, 29, 81, 13}')","(683, '{12, 14, 77, 74, 63, 21, 69, 13, 84, 93, 35, 89, 45, 60, 15, 57, 51, 18, 42, 62}')"
260785867,"(1018, '{52, 71, 34, 95, 68, 25, 44, 38, 47, 77, 92, 84, 94, 12, 61, 9, 89, 56, 28, 75}')","(683, '{12, 14, 77, 74, 63, 21, 69, 13, 84, 93, 35, 89, 45, 60, 15, 57, 51, 18, 42, 62}')"
260785873,"(1018, '{52, 71, 34, 95, 68, 25, 44, 38, 47, 77, 92, 84, 94, 12, 61, 9, 89, 56, 28, 75}')","(1023, '{70, 54, 19, 58, 46, 14, 67, 80, 3, 93, 47, 50, 74, 72, 85, 95, 86, 91, 81, 90}')"
260786035,"(590, '{79, 13, 45, 64, 32, 95, 67, 27, 78, 18, 41, 69, 15, 29, 72, 57, 81, 50, 60, 14}')","(554, '{86, 85, 6, 97, 19, 66, 26, 14, 15, 49, 75, 64, 35, 54, 31, 9, 82, 29, 81, 13}')"
260786048,"(1023, '{70, 54, 19, 58, 46, 14, 67, 80, 3, 93, 47, 50, 74, 72, 85, 95, 86, 91, 81, 90}')","(683, '{12, 14, 77, 74, 63, 21, 69, 13, 84, 93, 35, 89, 45, 60, 15, 57, 51, 18, 42, 62}')"
260786401,"(554, '{86, 85, 6, 97, 19, 66, 26, 14, 15, 49, 75, 64, 35, 54, 31, 9, 82, 29, 81, 13}')","(683, '{12, 14, 77, 74, 63, 21, 69, 13, 84, 93, 35, 89, 45, 60, 15, 57, 51, 18, 42, 62}')"
260786510,"(683, '{12, 14, 77, 74, 63, 21, 69, 13, 84, 93, 35, 89, 45, 60, 15, 57, 51, 18, 42, 62}')","(554, '{86, 85, 6, 97, 19, 66, 26, 14, 15, 49, 75, 64, 35, 54, 31, 9, 82, 29, 81, 13}')"
260786586,"(683, '{12, 14, 77, 74, 63, 21, 69, 13, 84, 93, 35, 89, 45, 60, 15, 57, 51, 18, 42, 62}')","(1018, '{52, 71, 34, 95, 68, 25, 44, 38, 47, 77, 92, 84, 94, 12, 61, 9, 89, 56, 28, 75}')"
260786909,"(683, '{12, 14, 77, 74, 63, 21, 69, 13, 84, 93, 35, 89, 45, 60, 15, 57, 51, 18, 42, 62}')","(590, '{79, 13, 45, 64, 32, 95, 67, 27, 78, 18, 41, 69, 15, 29, 72, 57, 81, 50, 60, 14}')"
260787426,"(683, '{12, 14, 77, 74, 63, 21, 69, 13, 84, 93, 35, 89, 45, 60, 15, 57, 51, 18, 42, 62}')","(1018, '{52, 71, 34, 95, 68, 25, 44, 38, 47, 77, 92, 84, 94, 12, 61, 9, 89, 56, 28, 75}')"
260787578,"(683, '{12, 14, 77, 74, 63, 21, 69, 13, 84, 93, 35, 89, 45, 60, 15, 57, 51, 18, 42, 62}')","(590, '{79, 13, 45, 64, 32, 95, 67, 27, 78, 18, 41, 69, 15, 29, 72, 57, 81, 50, 60, 14}')"
260787775,"(554, '{86, 85, 6, 97, 19, 66, 26, 14, 15, 49, 75, 64, 35, 54, 31, 9, 82, 29, 81, 13}')","(1018, '{52, 71, 34, 95, 68, 25, 44, 38, 47, 77, 92, 84, 94, 12, 61, 9, 89, 56, 28, 75}')"
260787802,"(554, '{86, 85, 6, 97, 19, 66, 26, 14, 15, 49, 75, 64, 35, 54, 31, 9, 82, 29, 81, 13}')","(683, '{12, 14, 77, 74, 63, 21, 69, 13, 84, 93, 35, 89, 45, 60, 15, 57, 51, 18, 42, 62}')"
260787832,"(554, '{86, 85, 6, 97, 19, 66, 26, 14, 15, 49, 75, 64, 35, 54, 31, 9, 82, 29, 81, 13}')","(1023, '{70, 54, 19, 58, 46, 14, 67, 80, 3, 93, 47, 50, 74, 72, 85, 95, 86, 91, 81, 90}')"
260788250,"(1018, '{52, 71, 34, 95, 68, 25, 44, 38, 47, 77, 92, 84, 94, 12, 61, 9, 89, 56, 28, 75}')","(1023, '{70, 54, 19, 58, 46, 14, 67, 80, 3, 93, 47, 50, 74, 72, 85, 95, 86, 91, 81, 90}')"
260788320,"(554, '{86, 85, 6, 97, 19, 66, 26, 14, 15, 49, 75, 64, 35, 54, 31, 9, 82, 29, 81, 13}')","(1023, '{70, 54, 19, 58, 46, 14, 67, 80, 3, 93, 47, 50, 74, 72, 85, 95, 86, 91, 81, 90}')"
260789145,"(554, '{86, 85, 6, 97, 19, 66, 26, 14, 15, 49, 75, 64, 35, 54, 31, 9, 82, 29, 81, 13}')","(683, '{12, 14, 77, 74, 63, 21, 69, 13, 84, 93, 35, 89, 45, 60, 15, 57, 51, 18, 42, 62}')"
260789251,"(1023, '{70, 54, 19, 58, 46, 14, 67, 80, 3, 93, 47, 50, 74, 72, 85, 95, 86, 91, 81, 90}')","(590, '{79, 13, 45, 64, 32, 95, 67, 27, 78, 18, 41, 69, 15, 29, 72, 57, 81, 50, 60, 14}')"
260789767,"(683, '{12, 14, 77, 74, 63, 21, 69, 13, 84, 93, 35, 89, 45, 60, 15, 57, 51, 18, 42, 62}')","(1018, '{52, 71, 34, 95, 68, 25, 44, 38, 47, 77, 92, 84, 94, 12, 61, 9, 89, 56, 28, 75}')"
260789830,"(1023, '{70, 54, 19, 58, 46, 14, 67, 80, 3, 93, 47, 50, 74, 72, 85, 95, 86, 91, 81, 90}')","(590, '{79, 13, 45, 64, 32, 95, 67, 27, 78, 18, 41, 69, 15, 29, 72, 57, 81, 50, 60, 14}')"
260790402,"(590, '{79, 13, 45, 64, 32, 95, 67, 27, 78, 18, 41, 69, 15, 29, 72, 57, 81, 50, 60, 14}')","(683, '{12, 14, 77, 74, 63, 21, 69, 13, 84, 93, 35, 89, 45, 60, 15, 57, 51, 18, 42, 62}')"
260790423,"(590, '{79, 13, 45, 64, 32, 95, 67, 27, 78, 18, 41, 69, 15, 29, 72, 57, 81, 50, 60, 14}')","(1018, '{52, 71, 34, 95, 68, 25, 44, 38, 47, 77, 92, 84, 94, 12, 61, 9, 89, 56, 28, 75}')"
260791358,"(683, '{12, 14, 77, 74, 63, 21, 69, 13, 84, 93, 35, 89, 45, 60, 15, 57, 51, 18, 42, 62}')","(1018, '{52, 71, 34, 95, 68, 25, 44, 38, 47, 77, 92, 84, 94, 12, 61, 9, 89, 56, 28, 75}')"
260791409,"(590, '{79, 13, 45, 64, 32, 95, 67, 27, 78, 18, 41, 69, 15, 29, 72, 57, 81, 50, 60, 14}')","(1018, '{52, 71, 34, 95, 68, 25, 44, 38, 47, 77, 92, 84, 94, 12, 61, 9, 89, 56, 28, 75}')"
260791496,"(1023, '{70, 54, 19, 58, 46, 14, 67, 80, 3, 93, 47, 50, 74, 72, 85, 95, 86, 91, 81, 90}')","(683, '{12, 14, 77, 74, 63, 21, 69, 13, 84, 93, 35, 89, 45, 60, 15, 57, 51, 18, 42, 62}')"
260791829,"(1018, '{52, 71, 34, 95, 68, 25, 44, 38, 47, 77, 92, 84, 94, 12, 61, 9, 89, 56, 28, 75}')","(554, '{86, 85, 6, 97, 19, 66, 26, 14, 15, 49, 75, 64, 35, 54, 31, 9, 82, 29, 81, 13}')"
260792092,"(683, '{12, 14, 77, 74, 63, 21, 69, 13, 84, 93, 35, 89, 45, 60, 15, 57, 51, 18, 42, 62}')","(590, '{79, 13, 45, 64, 32, 95, 67, 27, 78, 18, 41, 69, 15, 29, 72, 57, 81, 50, 60, 14}')"
260793350,"(1018, '{52, 71, 34, 95, 68, 25, 44, 38, 47, 77, 92, 84, 94, 12, 61, 9, 89, 56, 28, 75}')","(683, '{12, 14, 77, 74, 63, 21, 69, 13, 84, 93, 35, 89, 45, 60, 15, 57, 51, 18, 42, 62}')"
260793446,"(683, '{12, 14, 77, 74, 63, 21, 69, 13, 84, 93, 35, 89, 45, 60, 15, 57, 51, 18, 42, 62}')","(1018, '{52, 71, 34, 95, 68, 25, 44, 38, 47, 77, 92, 84, 94, 12, 61, 9, 89, 56, 28, 75}')"
260794136,"(1018, '{52, 71, 34, 95, 68, 25, 44, 38, 47, 77, 92, 84, 94, 12, 61, 9, 89, 56, 28, 75}')","(590, '{79, 13, 45, 64, 32, 95, 67, 27, 78, 18, 41, 69, 15, 29, 72, 57, 81, 50, 60, 14}')"
260794381,"(683, '{12, 14, 77, 74, 63, 21, 69, 13, 84, 93, 35, 89, 45, 60, 15, 57, 51, 18, 42, 62}')","(1023, '{70, 54, 19, 58, 46, 14, 67, 80, 3, 93, 47, 50, 74, 72, 85, 95, 86, 91, 81, 90}')"
260795131,"(683, '{12, 14, 77, 74, 63, 21, 69, 13, 84, 93, 35, 89, 45, 60, 15, 57, 51, 18, 42, 62}')","(554, '{86, 85, 6, 97, 19, 66, 26, 14, 15, 49, 75, 64, 35, 54, 31, 9, 82, 29, 81, 13}')"
260795752,"(683, '{12, 14, 77, 74, 63, 21, 69, 13, 84, 93, 35, 89, 45, 60, 15, 57, 51, 18, 42, 62}')","(1018, '{52, 71, 34, 95, 68, 25, 44, 38, 47, 77, 92, 84, 94, 12, 61, 9, 89, 56, 28, 75}')"
260795864,"(554, '{86, 85, 6, 97, 19, 66, 26, 14, 15, 49, 75, 64, 35, 54, 31, 9, 82, 29, 81, 13}')","(683, '{12, 14, 77, 74, 63, 21, 69, 13, 84, 93, 35, 89, 45, 60, 15, 57, 51, 18, 42, 62}')"
260795889,"(1018, '{52, 71, 34, 95, 68, 25, 44, 38, 47, 77, 92, 84, 94, 12, 61, 9, 89, 56, 28, 75}')","(1023, '{70, 54, 19, 58, 46, 14, 67, 80, 3, 93, 47, 50, 74, 72, 85, 95, 86, 91, 81, 90}')"
260796891,"(554, '{86, 85, 6, 97, 19, 66, 26, 14, 15, 49, 75, 64, 35, 54, 31, 9, 82, 29, 81, 13}')","(683, '{12, 14, 77, 74, 63, 21, 69, 13, 84, 93, 35, 89, 45, 60, 15, 57, 51, 18, 42, 62}')"
260799227,"(1018, '{52, 71, 34, 95, 68, 25, 44, 38, 47, 77, 92, 84, 94, 12, 61, 9, 89, 56, 28, 75}')","(683, '{12, 14, 77, 74, 63, 21, 69, 13, 84, 93, 35, 89, 45, 60, 15, 57, 51, 18, 42, 62}')"
260799301,"(1023, '{70, 54, 19, 58, 46, 14, 67, 80, 3, 93, 47, 50, 74, 72, 85, 95, 86, 91, 81, 90}')","(590, '{79, 13, 45, 64, 32, 95, 67, 27, 78, 18, 41, 69, 15, 29, 72, 57, 81, 50, 60, 14}')"
260799410,"(590, '{79, 13, 45, 64, 32, 95, 67, 27, 78, 18, 41, 69, 15, 29, 72, 57, 81, 50, 60, 14}')","(1023, '{70, 54, 19, 58, 46, 14, 67, 80, 3, 93, 47, 50, 74, 72, 85, 95, 86, 91, 81, 90}')"
260799446,"(1018, '{52, 71, 34, 95, 68, 25, 44, 38, 47, 77, 92, 84, 94, 12, 61, 9, 89, 56, 28, 75}')","(683, '{12, 14, 77, 74, 63, 21, 69, 13, 84, 93, 35, 89, 45, 60, 15, 57, 51, 18, 42, 62}')"
260799476,"(1018, '{52, 71, 34, 95, 68, 25, 44, 38, 47, 77, 92, 84, 94, 12, 61, 9, 89, 56, 28, 75}')","(1023, '{70, 54, 19, 58, 46, 14, 67, 80, 3, 93, 47, 50, 74, 72, 85, 95, 86, 91, 81, 90}')"
260800098,"(1018, '{52, 71, 34, 95, 68, 25, 44, 38, 47, 77, 92, 84, 94, 12, 61, 9, 89, 56, 28, 75}')","(554, '{86, 85, 6, 97, 19, 66, 26, 14, 15, 49, 75, 64, 35, 54, 31, 9, 82, 29, 81, 13}')"
260800437,"(683, '{12, 14, 77, 74, 63, 21, 69, 13, 84, 93, 35, 89, 45, 60, 15, 57, 51, 18, 42, 62}')","(554, '{86, 85, 6, 97, 19, 66, 26, 14, 15, 49, 75, 64, 35, 54, 31, 9, 82, 29, 81, 13}')"
260800958,"(683, '{12, 14, 77, 74, 63, 21, 69, 13, 84, 93, 35, 89, 45, 60, 15, 57, 51, 18, 42, 62}')","(590, '{79, 13, 45, 64, 32, 95, 67, 27, 78, 18, 41, 69, 15, 29, 72, 57, 81, 50, 60, 14}')"
260800991,"(590, '{79, 13, 45, 64, 32, 95, 67, 27, 78, 18, 41, 69, 15, 29, 72, 57, 81, 50, 60, 14}')","(554, '{86, 85, 6, 97, 19, 66, 26, 14, 15, 49, 75, 64, 35, 54, 31, 9, 82, 29, 81, 13}')"
260801146,"(1018, '{52, 71, 34, 95, 68, 25, 44, 38, 47, 77, 92, 84, 94, 12, 61, 9, 89, 56, 28, 75}')","(590, '{79, 13, 45, 64, 32, 95, 67, 27, 78, 18, 41, 69, 15, 29, 72, 57, 81, 50, 60, 14}')"
260801180,"(1018, '{52, 71, 34, 95, 68, 25, 44, 38, 47, 77, 92, 84, 94, 12, 61, 9, 89, 56, 28, 75}')","(590, '{79, 13, 45, 64, 32, 95, 67, 27, 78, 18, 41, 69, 15, 29, 72, 57, 81, 50, 60, 14}')"
260801368,"(554, '{86, 85, 6, 97, 19, 66, 26, 14, 15, 49, 75, 64, 35, 54, 31, 9, 82, 29, 81, 13}')","(590, '{79, 13, 45, 64, 32, 95, 67, 27, 78, 18, 41, 69, 15, 29, 72, 57, 81, 50, 60, 14}')"
260801400,"(1023, '{70, 54, 19, 58, 46, 14, 67, 80, 3, 93, 47, 50, 74, 72, 85, 95, 86, 91, 81, 90}')","(590, '{79, 13, 45, 64, 32, 95, 67, 27, 78, 18, 41, 69, 15, 29, 72, 57, 81, 50, 60, 14}')"
260801518,"(590, '{79, 13, 45, 64, 32, 95, 67, 27, 78, 18, 41, 69, 15, 29, 72, 57, 81, 50, 60, 14}')","(1023, '{70, 54, 19, 58, 46, 14, 67, 80, 3, 93, 47, 50, 74, 72, 85, 95, 86, 91, 81, 90}')"
260802076,"(1018, '{52, 71, 34, 95, 68, 25, 44, 38, 47, 77, 92, 84, 94, 12, 61, 9, 89, 56, 28, 75}')","(554, '{86, 85, 6, 97, 19, 66, 26, 14, 15, 49, 75, 64, 35, 54, 31, 9, 82, 29, 81, 13}')"
260802094,"(1018, '{52, 71, 34, 95, 68, 25, 44, 38, 47, 77, 92, 84, 94, 12, 61, 9, 89, 56, 28, 75}')","(1023, '{70, 54, 19, 58, 46, 14, 67, 80, 3, 93, 47, 50, 74, 72, 85, 95, 86, 91, 81, 90}')"
260802325,"(590, '{79, 13, 45, 64, 32, 95, 67, 27, 78, 18, 41, 69, 15, 29, 72, 57, 81, 50, 60, 14}')","(1018, '{52, 71, 34, 95, 68, 25, 44, 38, 47, 77, 92, 84, 94, 12, 61, 9, 89, 56, 28, 75}')"
260802405,"(1018, '{52, 71, 34, 95, 68, 25, 44, 38, 47, 77, 92, 84, 94, 12, 61, 9, 89, 56, 28, 75}')","(590, '{79, 13, 45, 64, 32, 95, 67, 27, 78, 18, 41, 69, 15, 29, 72, 57, 81, 50, 60, 14}')"
260802908,"(590, '{79, 13, 45, 64, 32, 95, 67, 27, 78, 18, 41, 69, 15, 29, 72, 57, 81, 50, 60, 14}')","(554, '{86, 85, 6, 97, 19, 66, 26, 14, 15, 49, 75, 64, 35, 54, 31, 9, 82, 29, 81, 13}')"
260803513,"(1023, '{70, 54, 19, 58, 46, 14, 67, 80, 3, 93, 47, 50, 74, 72, 85, 95, 86, 91, 81, 90}')","(1018, '{52, 71, 34, 95, 68, 25, 44, 38, 47, 77, 92, 84, 94, 12, 61, 9, 89, 56, 28, 75}')"
260803947,"(1023, '{70, 54, 19, 58, 46, 14, 67, 80, 3, 93, 47, 50, 74, 72, 85, 95, 86, 91, 81, 90}')","(1018, '{52, 71, 34, 95, 68, 25, 44, 38, 47, 77, 92, 84, 94, 12, 61, 9, 89, 56, 28, 75}')"
260803963,"(590, '{79, 13, 45, 64, 32, 95, 67, 27, 78, 18, 41, 69, 15, 29, 72, 57, 81, 50, 60, 14}')","(1018, '{52, 71, 34, 95, 68, 25, 44, 38, 47, 77, 92, 84, 94, 12, 61, 9, 89, 56, 28, 75}')"
260803975,"(1018, '{52, 71, 34, 95, 68, 25, 44, 38, 47, 77, 92, 84, 94, 12, 61, 9, 89, 56, 28, 75}')","(590, '{79, 13, 45, 64, 32, 95, 67, 27, 78, 18, 41, 69, 15, 29, 72, 57, 81, 50, 60, 14}')"
260804001,"(590, '{79, 13, 45, 64, 32, 95, 67, 27, 78, 18, 41, 69, 15, 29, 72, 57, 81, 50, 60, 14}')","(1018, '{52, 71, 34, 95, 68, 25, 44, 38, 47, 77, 92, 84, 94, 12, 61, 9, 89, 56, 28, 75}')"
260804057,"(1023, '{70, 54, 19, 58, 46, 14, 67, 80, 3, 93, 47, 50, 74, 72, 85, 95, 86, 91, 81, 90}')","(1018, '{52, 71, 34, 95, 68, 25, 44, 38, 47, 77, 92, 84, 94, 12, 61, 9, 89, 56, 28, 75}')"
260804162,"(1018, '{52, 71, 34, 95, 68, 25, 44, 38, 47, 77, 92, 84, 94, 12, 61, 9, 89, 56, 28, 75}')","(554, '{86, 85, 6, 97, 19, 66, 26, 14, 15, 49, 75, 64, 35, 54, 31, 9, 82, 29, 81, 13}')"
260804197,"(1023, '{70, 54, 19, 58, 46, 14, 67, 80, 3, 93, 47, 50, 74, 72, 85, 95, 86, 91, 81, 90}')","(554, '{86, 85, 6, 97, 19, 66, 26, 14, 15, 49, 75, 64, 35, 54, 31, 9, 82, 29, 81, 13}')"
260804222,"(683, '{12, 14, 77, 74, 63, 21, 69, 13, 84, 93, 35, 89, 45, 60, 15, 57, 51, 18, 42, 62}')","(554, '{86, 85, 6, 97, 19, 66, 26, 14, 15, 49, 75, 64, 35, 54, 31, 9, 82, 29, 81, 13}')"
260804412,"(590, '{79, 13, 45, 64, 32, 95, 67, 27, 78, 18, 41, 69, 15, 29, 72, 57, 81, 50, 60, 14}')","(683, '{12, 14, 77, 74, 63, 21, 69, 13, 84, 93, 35, 89, 45, 60, 15, 57, 51, 18, 42, 62}')"
260804420,"(1023, '{70, 54, 19, 58, 46, 14, 67, 80, 3, 93, 47, 50, 74, 72, 85, 95, 86, 91, 81, 90}')","(683, '{12, 14, 77, 74, 63, 21, 69, 13, 84, 93, 35, 89, 45, 60, 15, 57, 51, 18, 42, 62}')"
260804924,"(683, '{12, 14, 77, 74, 63, 21, 69, 13, 84, 93, 35, 89, 45, 60, 15, 57, 51, 18, 42, 62}')","(1023, '{70, 54, 19, 58, 46, 14, 67, 80, 3, 93, 47, 50, 74, 72, 85, 95, 86, 91, 81, 90}')"
260804965,"(683, '{12, 14, 77, 74, 63, 21, 69, 13, 84, 93, 35, 89, 45, 60, 15, 57, 51, 18, 42, 62}')","(554, '{86, 85, 6, 97, 19, 66, 26, 14, 15, 49, 75, 64, 35, 54, 31, 9, 82, 29, 81, 13}')"
260805091,"(590, '{79, 13, 45, 64, 32, 95, 67, 27, 78, 18, 41, 69, 15, 29, 72, 57, 81, 50, 60, 14}')","(683, '{12, 14, 77, 74, 63, 21, 69, 13, 84, 93, 35, 89, 45, 60, 15, 57, 51, 18, 42, 62}')"
260805143,"(554, '{86, 85, 6, 97, 19, 66, 26, 14, 15, 49, 75, 64, 35, 54, 31, 9, 82, 29, 81, 13}')","(1018, '{52, 71, 34, 95, 68, 25, 44, 38, 47, 77, 92, 84, 94, 12, 61, 9, 89, 56, 28, 75}')"
260805361,"(1018, '{52, 71, 34, 95, 68, 25, 44, 38, 47, 77, 92, 84, 94, 12, 61, 9, 89, 56, 28, 75}')","(683, '{12, 14, 77, 74, 63, 21, 69, 13, 84, 93, 35, 89, 45, 60, 15, 57, 51, 18, 42, 62}')"
260805423,"(1023, '{70, 54, 19, 58, 46, 14, 67, 80, 3, 93, 47, 50, 74, 72, 85, 95, 86, 91, 81, 90}')","(590, '{79, 13, 45, 64, 32, 95, 67, 27, 78, 18, 41, 69, 15, 29, 72, 57, 81, 50, 60, 14}')"
260805446,"(554, '{86, 85, 6, 97, 19, 66, 26, 14, 15, 49, 75, 64, 35, 54, 31, 9, 82, 29, 81, 13}')","(590, '{79, 13, 45, 64, 32, 95, 67, 27, 78, 18, 41, 69, 15, 29, 72, 57, 81, 50, 60, 14}')"
260805699,"(590, '{79, 13, 45, 64, 32, 95, 67, 27, 78, 18, 41, 69, 15, 29, 72, 57, 81, 50, 60, 14}')","(1018, '{52, 71, 34, 95, 68, 25, 44, 38, 47, 77, 92, 84, 94, 12, 61, 9, 89, 56, 28, 75}')"
260806019,"(683, '{12, 14, 77, 74, 63, 21, 69, 13, 84, 93, 35, 89, 45, 60, 15, 57, 51, 18, 42, 62}')","(590, '{79, 13, 45, 64, 32, 95, 67, 27, 78, 18, 41, 69, 15, 29, 72, 57, 81, 50, 60, 14}')"
260806240,"(1018, '{52, 71, 34, 95, 68, 25, 44, 38, 47, 77, 92, 84, 94, 12, 61, 9, 89, 56, 28, 75}')","(1023, '{70, 54, 19, 58, 46, 14, 67, 80, 3, 93, 47, 50, 74, 72, 85, 95, 86, 91, 81, 90}')"
260806273,"(1023, '{70, 54, 19, 58, 46, 14, 67, 80, 3, 93, 47, 50, 74, 72, 85, 95, 86, 91, 81, 90}')","(1018, '{52, 71, 34, 95, 68, 25, 44, 38, 47, 77, 92, 84, 94, 12, 61, 9, 89, 56, 28, 75}')"
260806428,"(683, '{12, 14, 77, 74, 63, 21, 69, 13, 84, 93, 35, 89, 45, 60, 15, 57, 51, 18, 42, 62}')","(1023, '{70, 54, 19, 58, 46, 14, 67, 80, 3, 93, 47, 50, 74, 72, 85, 95, 86, 91, 81, 90}')"
260806502,"(1018, '{52, 71, 34, 95, 68, 25, 44, 38, 47, 77, 92, 84, 94, 12, 61, 9, 89, 56, 28, 75}')","(683, '{12, 14, 77, 74, 63, 21, 69, 13, 84, 93, 35, 89, 45, 60, 15, 57, 51, 18, 42, 62}')"
260806585,"(590, '{79, 13, 45, 64, 32, 95, 67, 27, 78, 18, 41, 69, 15, 29, 72, 57, 81, 50, 60, 14}')","(683, '{12, 14, 77, 74, 63, 21, 69, 13, 84, 93, 35, 89, 45, 60, 15, 57, 51, 18, 42, 62}')"
260806803,"(590, '{79, 13, 45, 64, 32, 95, 67, 27, 78, 18, 41, 69, 15, 29, 72, 57, 81, 50, 60, 14}')","(1023, '{70, 54, 19, 58, 46, 14, 67, 80, 3, 93, 47, 50, 74, 72, 85, 95, 86, 91, 81, 90}')"
260806869,"(590, '{79, 13, 45, 64, 32, 95, 67, 27, 78, 18, 41, 69, 15, 29, 72, 57, 81, 50, 60, 14}')","(683, '{12, 14, 77, 74, 63, 21, 69, 13, 84, 93, 35, 89, 45, 60, 15, 57, 51, 18, 42, 62}')"
260807016,"(590, '{79, 13, 45, 64, 32, 95, 67, 27, 78, 18, 41, 69, 15, 29, 72, 57, 81, 50, 60, 14}')","(554, '{86, 85, 6, 97, 19, 66, 26, 14, 15, 49, 75, 64, 35, 54, 31, 9, 82, 29, 81, 13}')"
260807140,"(554, '{86, 85, 6, 97, 19, 66, 26, 14, 15, 49, 75, 64, 35, 54, 31, 9, 82, 29, 81, 13}')","(590, '{79, 13, 45, 64, 32, 95, 67, 27, 78, 18, 41, 69, 15, 29, 72, 57, 81, 50, 60, 14}')"
260807219,"(590, '{79, 13, 45, 64, 32, 95, 67, 27, 78, 18, 41, 69, 15, 29, 72, 57, 81, 50, 60, 14}')","(683, '{12, 14, 77, 74, 63, 21, 69, 13, 84, 93, 35, 89, 45, 60, 15, 57, 51, 18, 42, 62}')"
260807280,"(590, '{79, 13, 45, 64, 32, 95, 67, 27, 78, 18, 41, 69, 15, 29, 72, 57, 81, 50, 60, 14}')","(554, '{86, 85, 6, 97, 19, 66, 26, 14, 15, 49, 75, 64, 35, 54, 31, 9, 82, 29, 81, 13}')"
260807441,"(554, '{86, 85, 6, 97, 19, 66, 26, 14, 15, 49, 75, 64, 35, 54, 31, 9, 82, 29, 81, 13}')","(1018, '{52, 71, 34, 95, 68, 25, 44, 38, 47, 77, 92, 84, 94, 12, 61, 9, 89, 56, 28, 75}')"
260807515,"(683, '{12, 14, 77, 74, 63, 21, 69, 13, 84, 93, 35, 89, 45, 60, 15, 57, 51, 18, 42, 62}')","(590, '{79, 13, 45, 64, 32, 95, 67, 27, 78, 18, 41, 69, 15, 29, 72, 57, 81, 50, 60, 14}')"
260807689,"(683, '{12, 14, 77, 74, 63, 21, 69, 13, 84, 93, 35, 89, 45, 60, 15, 57, 51, 18, 42, 62}')","(590, '{79, 13, 45, 64, 32, 95, 67, 27, 78, 18, 41, 69, 15, 29, 72, 57, 81, 50, 60, 14}')"
260808478,"(1023, '{70, 54, 19, 58, 46, 14, 67, 80, 3, 93, 47, 50, 74, 72, 85, 95, 86, 91, 81, 90}')","(683, '{12, 14, 77, 74, 63, 21, 69, 13, 84, 93, 35, 89, 45, 60, 15, 57, 51, 18, 42, 62}')"
260820478,"(554, '{86, 85, 6, 97, 19, 66, 26, 14, 15, 49, 75, 64, 35, 54, 31, 9, 82, 29, 81, 13}')","(590, '{79, 13, 45, 64, 32, 95, 67, 27, 78, 18, 41, 69, 15, 29, 72, 57, 81, 50, 60, 14}')"
260821517,"(1018, '{52, 71, 34, 95, 68, 25, 44, 38, 47, 77, 92, 84, 94, 12, 61, 9, 89, 56, 28, 75}')","(554, '{86, 85, 6, 97, 19, 66, 26, 14, 15, 49, 75, 64, 35, 54, 31, 9, 82, 29, 81, 13}')"
260822300,"(1018, '{52, 71, 34, 95, 68, 25, 44, 38, 47, 77, 92, 84, 94, 12, 61, 9, 89, 56, 28, 75}')","(1023, '{70, 54, 19, 58, 46, 14, 67, 80, 3, 93, 47, 50, 74, 72, 85, 95, 86, 91, 81, 90}')"
260825739,"(1018, '{52, 71, 34, 95, 68, 25, 44, 38, 47, 77, 92, 84, 94, 12, 61, 9, 89, 56, 28, 75}')","(590, '{79, 13, 45, 64, 32, 95, 67, 27, 78, 18, 41, 69, 15, 29, 72, 57, 81, 50, 60, 14}')"
260826282,"(683, '{12, 14, 77, 74, 63, 21, 69, 13, 84, 93, 35, 89, 45, 60, 15, 57, 51, 18, 42, 62}')","(554, '{86, 85, 6, 97, 19, 66, 26, 14, 15, 49, 75, 64, 35, 54, 31, 9, 82, 29, 81, 13}')"
260827045,"(590, '{79, 13, 45, 64, 32, 95, 67, 27, 78, 18, 41, 69, 15, 29, 72, 57, 81, 50, 60, 14}')","(1023, '{70, 54, 19, 58, 46, 14, 67, 80, 3, 93, 47, 50, 74, 72, 85, 95, 86, 91, 81, 90}')"
260828733,"(554, '{86, 85, 6, 97, 19, 66, 26, 14, 15, 49, 75, 64, 35, 54, 31, 9, 82, 29, 81, 13}')","(590, '{79, 13, 45, 64, 32, 95, 67, 27, 78, 18, 41, 69, 15, 29, 72, 57, 81, 50, 60, 14}')"
260829298,"(1023, '{70, 54, 19, 58, 46, 14, 67, 80, 3, 93, 47, 50, 74, 72, 85, 95, 86, 91, 81, 90}')","(554, '{86, 85, 6, 97, 19, 66, 26, 14, 15, 49, 75, 64, 35, 54, 31, 9, 82, 29, 81, 13}')"
260829746,"(1023, '{70, 54, 19, 58, 46, 14, 67, 80, 3, 93, 47, 50, 74, 72, 85, 95, 86, 91, 81, 90}')","(1018, '{52, 71, 34, 95, 68, 25, 44, 38, 47, 77, 92, 84, 94, 12, 61, 9, 89, 56, 28, 75}')"
260830362,"(683, '{12, 14, 77, 74, 63, 21, 69, 13, 84, 93, 35, 89, 45, 60, 15, 57, 51, 18, 42, 62}')","(1023, '{70, 54, 19, 58, 46, 14, 67, 80, 3, 93, 47, 50, 74, 72, 85, 95, 86, 91, 81, 90}')"
260830557,"(554, '{86, 85, 6, 97, 19, 66, 26, 14, 15, 49, 75, 64, 35, 54, 31, 9, 82, 29, 81, 13}')","(590, '{79, 13, 45, 64, 32, 95, 67, 27, 78, 18, 41, 69, 15, 29, 72, 57, 81, 50, 60, 14}')"
260831350,"(554, '{86, 85, 6, 97, 19, 66, 26, 14, 15, 49, 75, 64, 35, 54, 31, 9, 82, 29, 81, 13}')","(683, '{12, 14, 77, 74, 63, 21, 69, 13, 84, 93, 35, 89, 45, 60, 15, 57, 51, 18, 42, 62}')"
260831365,"(683, '{12, 14, 77, 74, 63, 21, 69, 13, 84, 93, 35, 89, 45, 60, 15, 57, 51, 18, 42, 62}')","(1018, '{52, 71, 34, 95, 68, 25, 44, 38, 47, 77, 92, 84, 94, 12, 61, 9, 89, 56, 28, 75}')"
260831528,"(590, '{79, 13, 45, 64, 32, 95, 67, 27, 78, 18, 41, 69, 15, 29, 72, 57, 81, 50, 60, 14}')","(683, '{12, 14, 77, 74, 63, 21, 69, 13, 84, 93, 35, 89, 45, 60, 15, 57, 51, 18, 42, 62}')"
260831573,"(590, '{79, 13, 45, 64, 32, 95, 67, 27, 78, 18, 41, 69, 15, 29, 72, 57, 81, 50, 60, 14}')","(683, '{12, 14, 77, 74, 63, 21, 69, 13, 84, 93, 35, 89, 45, 60, 15, 57, 51, 18, 42, 62}')"
260832469,"(1018, '{52, 71, 34, 95, 68, 25, 44, 38, 47, 77, 92, 84, 94, 12, 61, 9, 89, 56, 28, 75}')","(554, '{86, 85, 6, 97, 19, 66, 26, 14, 15, 49, 75, 64, 35, 54, 31, 9, 82, 29, 81, 13}')"
260832478,"(590, '{79, 13, 45, 64, 32, 95, 67, 27, 78, 18, 41, 69, 15, 29, 72, 57, 81, 50, 60, 14}')","(683, '{12, 14, 77, 74, 63, 21, 69, 13, 84, 93, 35, 89, 45, 60, 15, 57, 51, 18, 42, 62}')"
260832483,"(683, '{12, 14, 77, 74, 63, 21, 69, 13, 84, 93, 35, 89, 45, 60, 15, 57, 51, 18, 42, 62}')","(554, '{86, 85, 6, 97, 19, 66, 26, 14, 15, 49, 75, 64, 35, 54, 31, 9, 82, 29, 81, 13}')"
260832613,"(1018, '{52, 71, 34, 95, 68, 25, 44, 38, 47, 77, 92, 84, 94, 12, 61, 9, 89, 56, 28, 75}')","(554, '{86, 85, 6, 97, 19, 66, 26, 14, 15, 49, 75, 64, 35, 54, 31, 9, 82, 29, 81, 13}')"
260833442,"(1018, '{52, 71, 34, 95, 68, 25, 44, 38, 47, 77, 92, 84, 94, 12, 61, 9, 89, 56, 28, 75}')","(590, '{79, 13, 45, 64, 32, 95, 67, 27, 78, 18, 41, 69, 15, 29, 72, 57, 81, 50, 60, 14}')"
260834196,"(683, '{12, 14, 77, 74, 63, 21, 69, 13, 84, 93, 35, 89, 45, 60, 15, 57, 51, 18, 42, 62}')","(590, '{79, 13, 45, 64, 32, 95, 67, 27, 78, 18, 41, 69, 15, 29, 72, 57, 81, 50, 60, 14}')"
260834325,"(1023, '{70, 54, 19, 58, 46, 14, 67, 80, 3, 93, 47, 50, 74, 72, 85, 95, 86, 91, 81, 90}')","(590, '{79, 13, 45, 64, 32, 95, 67, 27, 78, 18, 41, 69, 15, 29, 72, 57, 81, 50, 60, 14}')"
260834568,"(554, '{86, 85, 6, 97, 19, 66, 26, 14, 15, 49, 75, 64, 35, 54, 31, 9, 82, 29, 81, 13}')","(590, '{79, 13, 45, 64, 32, 95, 67, 27, 78, 18, 41, 69, 15, 29, 72, 57, 81, 50, 60, 14}')"
260834884,"(590, '{79, 13, 45, 64, 32, 95, 67, 27, 78, 18, 41, 69, 15, 29, 72, 57, 81, 50, 60, 14}')","(554, '{86, 85, 6, 97, 19, 66, 26, 14, 15, 49, 75, 64, 35, 54, 31, 9, 82, 29, 81, 13}')"
260835204,"(590, '{79, 13, 45, 64, 32, 95, 67, 27, 78, 18, 41, 69, 15, 29, 72, 57, 81, 50, 60, 14}')","(1018, '{52, 71, 34, 95, 68, 25, 44, 38, 47, 77, 92, 84, 94, 12, 61, 9, 89, 56, 28, 75}')"
260835261,"(590, '{79, 13, 45, 64, 32, 95, 67, 27, 78, 18, 41, 69, 15, 29, 72, 57, 81, 50, 60, 14}')","(1018, '{52, 71, 34, 95, 68, 25, 44, 38, 47, 77, 92, 84, 94, 12, 61, 9, 89, 56, 28, 75}')"
260835598,"(1018, '{52, 71, 34, 95, 68, 25, 44, 38, 47, 77, 92, 84, 94, 12, 61, 9, 89, 56, 28, 75}')","(1023, '{70, 54, 19, 58, 46, 14, 67, 80, 3, 93, 47, 50, 74, 72, 85, 95, 86, 91, 81, 90}')"
260836334,"(683, '{12, 14, 77, 74, 63, 21, 69, 13, 84, 93, 35, 89, 45, 60, 15, 57, 51, 18, 42, 62}')","(1018, '{52, 71, 34, 95, 68, 25, 44, 38, 47, 77, 92, 84, 94, 12, 61, 9, 89, 56, 28, 75}')"
260836416,"(683, '{12, 14, 77, 74, 63, 21, 69, 13, 84, 93, 35, 89, 45, 60, 15, 57, 51, 18, 42, 62}')","(554, '{86, 85, 6, 97, 19, 66, 26, 14, 15, 49, 75, 64, 35, 54, 31, 9, 82, 29, 81, 13}')"
260836422,"(554, '{86, 85, 6, 97, 19, 66, 26, 14, 15, 49, 75, 64, 35, 54, 31, 9, 82, 29, 81, 13}')","(1023, '{70, 54, 19, 58, 46, 14, 67, 80, 3, 93, 47, 50, 74, 72, 85, 95, 86, 91, 81, 90}')"
260838256,"(554, '{86, 85, 6, 97, 19, 66, 26, 14, 15, 49, 75, 64, 35, 54, 31, 9, 82, 29, 81, 13}')","(590, '{79, 13, 45, 64, 32, 95, 67, 27, 78, 18, 41, 69, 15, 29, 72, 57, 81, 50, 60, 14}')"
260840205,"(590, '{79, 13, 45, 64, 32, 95, 67, 27, 78, 18, 41, 69, 15, 29, 72, 57, 81, 50, 60, 14}')","(554, '{86, 85, 6, 97, 19, 66, 26, 14, 15, 49, 75, 64, 35, 54, 31, 9, 82, 29, 81, 13}')"
260840947,"(1018, '{52, 71, 34, 95, 68, 25, 44, 38, 47, 77, 92, 84, 94, 12, 61, 9, 89, 56, 28, 75}')","(683, '{12, 14, 77, 74, 63, 21, 69, 13, 84, 93, 35, 89, 45, 60, 15, 57, 51, 18, 42, 62}')"
260841569,"(683, '{12, 14, 77, 74, 63, 21, 69, 13, 84, 93, 35, 89, 45, 60, 15, 57, 51, 18, 42, 62}')","(554, '{86, 85, 6, 97, 19, 66, 26, 14, 15, 49, 75, 64, 35, 54, 31, 9, 82, 29, 81, 13}')"
260841742,"(590, '{79, 13, 45, 64, 32, 95, 67, 27, 78, 18, 41, 69, 15, 29, 72, 57, 81, 50, 60, 14}')","(554, '{86, 85, 6, 97, 19, 66, 26, 14, 15, 49, 75, 64, 35, 54, 31, 9, 82, 29, 81, 13}')"
260842116,"(554, '{86, 85, 6, 97, 19, 66, 26, 14, 15, 49, 75, 64, 35, 54, 31, 9, 82, 29, 81, 13}')","(590, '{79, 13, 45, 64, 32, 95, 67, 27, 78, 18, 41, 69, 15, 29, 72, 57, 81, 50, 60, 14}')"
260843655,"(554, '{86, 85, 6, 97, 19, 66, 26, 14, 15, 49, 75, 64, 35, 54, 31, 9, 82, 29, 81, 13}')","(590, '{79, 13, 45, 64, 32, 95, 67, 27, 78, 18, 41, 69, 15, 29, 72, 57, 81, 50, 60, 14}')"
260845212,"(683, '{12, 14, 77, 74, 63, 21, 69, 13, 84, 93, 35, 89, 45, 60, 15, 57, 51, 18, 42, 62}')","(590, '{79, 13, 45, 64, 32, 95, 67, 27, 78, 18, 41, 69, 15, 29, 72, 57, 81, 50, 60, 14}')"
260845716,"(1018, '{52, 71, 34, 95, 68, 25, 44, 38, 47, 77, 92, 84, 94, 12, 61, 9, 89, 56, 28, 75}')","(1023, '{70, 54, 19, 58, 46, 14, 67, 80, 3, 93, 47, 50, 74, 72, 85, 95, 86, 91, 81, 90}')"
260845745,"(554, '{86, 85, 6, 97, 19, 66, 26, 14, 15, 49, 75, 64, 35, 54, 31, 9, 82, 29, 81, 13}')","(590, '{79, 13, 45, 64, 32, 95, 67, 27, 78, 18, 41, 69, 15, 29, 72, 57, 81, 50, 60, 14}')"
260846095,"(1023, '{70, 54, 19, 58, 46, 14, 67, 80, 3, 93, 47, 50, 74, 72, 85, 95, 86, 91, 81, 90}')","(683, '{12, 14, 77, 74, 63, 21, 69, 13, 84, 93, 35, 89, 45, 60, 15, 57, 51, 18, 42, 62}')"
260846976,"(1018, '{52, 71, 34, 95, 68, 25, 44, 38, 47, 77, 92, 84, 94, 12, 61, 9, 89, 56, 28, 75}')","(590, '{79, 13, 45, 64, 32, 95, 67, 27, 78, 18, 41, 69, 15, 29, 72, 57, 81, 50, 60, 14}')"
260848649,"(683, '{12, 14, 77, 74, 63, 21, 69, 13, 84, 93, 35, 89, 45, 60, 15, 57, 51, 18, 42, 62}')","(1018, '{52, 71, 34, 95, 68, 25, 44, 38, 47, 77, 92, 84, 94, 12, 61, 9, 89, 56, 28, 75}')"
260848749,"(683, '{12, 14, 77, 74, 63, 21, 69, 13, 84, 93, 35, 89, 45, 60, 15, 57, 51, 18, 42, 62}')","(554, '{86, 85, 6, 97, 19, 66, 26, 14, 15, 49, 75, 64, 35, 54, 31, 9, 82, 29, 81, 13}')"
260849589,"(1023, '{70, 54, 19, 58, 46, 14, 67, 80, 3, 93, 47, 50, 74, 72, 85, 95, 86, 91, 81, 90}')","(1018, '{52, 71, 34, 95, 68, 25, 44, 38, 47, 77, 92, 84, 94, 12, 61, 9, 89, 56, 28, 75}')"
260849613,"(683, '{12, 14, 77, 74, 63, 21, 69, 13, 84, 93, 35, 89, 45, 60, 15, 57, 51, 18, 42, 62}')","(554, '{86, 85, 6, 97, 19, 66, 26, 14, 15, 49, 75, 64, 35, 54, 31, 9, 82, 29, 81, 13}')"
260849616,"(590, '{79, 13, 45, 64, 32, 95, 67, 27, 78, 18, 41, 69, 15, 29, 72, 57, 81, 50, 60, 14}')","(683, '{12, 14, 77, 74, 63, 21, 69, 13, 84, 93, 35, 89, 45, 60, 15, 57, 51, 18, 42, 62}')"
260849921,"(554, '{86, 85, 6, 97, 19, 66, 26, 14, 15, 49, 75, 64, 35, 54, 31, 9, 82, 29, 81, 13}')","(590, '{79, 13, 45, 64, 32, 95, 67, 27, 78, 18, 41, 69, 15, 29, 72, 57, 81, 50, 60, 14}')"
260850369,"(590, '{79, 13, 45, 64, 32, 95, 67, 27, 78, 18, 41, 69, 15, 29, 72, 57, 81, 50, 60, 14}')","(554, '{86, 85, 6, 97, 19, 66, 26, 14, 15, 49, 75, 64, 35, 54, 31, 9, 82, 29, 81, 13}')"
260850947,"(1023, '{70, 54, 19, 58, 46, 14, 67, 80, 3, 93, 47, 50, 74, 72, 85, 95, 86, 91, 81, 90}')","(554, '{86, 85, 6, 97, 19, 66, 26, 14, 15, 49, 75, 64, 35, 54, 31, 9, 82, 29, 81, 13}')"
260851102,"(590, '{79, 13, 45, 64, 32, 95, 67, 27, 78, 18, 41, 69, 15, 29, 72, 57, 81, 50, 60, 14}')","(1023, '{70, 54, 19, 58, 46, 14, 67, 80, 3, 93, 47, 50, 74, 72, 85, 95, 86, 91, 81, 90}')"
260851149,"(683, '{12, 14, 77, 74, 63, 21, 69, 13, 84, 93, 35, 89, 45, 60, 15, 57, 51, 18, 42, 62}')","(590, '{79, 13, 45, 64, 32, 95, 67, 27, 78, 18, 41, 69, 15, 29, 72, 57, 81, 50, 60, 14}')"
260851295,"(1018, '{52, 71, 34, 95, 68, 25, 44, 38, 47, 77, 92, 84, 94, 12, 61, 9, 89, 56, 28, 75}')","(1023, '{70, 54, 19, 58, 46, 14, 67, 80, 3, 93, 47, 50, 74, 72, 85, 95, 86, 91, 81, 90}')"
260851645,"(554, '{86, 85, 6, 97, 19, 66, 26, 14, 15, 49, 75, 64, 35, 54, 31, 9, 82, 29, 81, 13}')","(590, '{79, 13, 45, 64, 32, 95, 67, 27, 78, 18, 41, 69, 15, 29, 72, 57, 81, 50, 60, 14}')"
260852105,"(554, '{86, 85, 6, 97, 19, 66, 26, 14, 15, 49, 75, 64, 35, 54, 31, 9, 82, 29, 81, 13}')","(1023, '{70, 54, 19, 58, 46, 14, 67, 80, 3, 93, 47, 50, 74, 72, 85, 95, 86, 91, 81, 90}')"
260852872,"(683, '{12, 14, 77, 74, 63, 21, 69, 13, 84, 93, 35, 89, 45, 60, 15, 57, 51, 18, 42, 62}')","(1018, '{52, 71, 34, 95, 68, 25, 44, 38, 47, 77, 92, 84, 94, 12, 61, 9, 89, 56, 28, 75}')"
260853676,"(683, '{12, 14, 77, 74, 63, 21, 69, 13, 84, 93, 35, 89, 45, 60, 15, 57, 51, 18, 42, 62}')","(1018, '{52, 71, 34, 95, 68, 25, 44, 38, 47, 77, 92, 84, 94, 12, 61, 9, 89, 56, 28, 75}')"
260854222,"(590, '{79, 13, 45, 64, 32, 95, 67, 27, 78, 18, 41, 69, 15, 29, 72, 57, 81, 50, 60, 14}')","(683, '{12, 14, 77, 74, 63, 21, 69, 13, 84, 93, 35, 89, 45, 60, 15, 57, 51, 18, 42, 62}')"
260854484,"(1023, '{70, 54, 19, 58, 46, 14, 67, 80, 3, 93, 47, 50, 74, 72, 85, 95, 86, 91, 81, 90}')","(554, '{86, 85, 6, 97, 19, 66, 26, 14, 15, 49, 75, 64, 35, 54, 31, 9, 82, 29, 81, 13}')"
260855642,"(683, '{12, 14, 77, 74, 63, 21, 69, 13, 84, 93, 35, 89, 45, 60, 15, 57, 51, 18, 42, 62}')","(554, '{86, 85, 6, 97, 19, 66, 26, 14, 15, 49, 75, 64, 35, 54, 31, 9, 82, 29, 81, 13}')"
260855765,"(1018, '{52, 71, 34, 95, 68, 25, 44, 38, 47, 77, 92, 84, 94, 12, 61, 9, 89, 56, 28, 75}')","(554, '{86, 85, 6, 97, 19, 66, 26, 14, 15, 49, 75, 64, 35, 54, 31, 9, 82, 29, 81, 13}')"
260855819,"(554, '{86, 85, 6, 97, 19, 66, 26, 14, 15, 49, 75, 64, 35, 54, 31, 9, 82, 29, 81, 13}')","(1023, '{70, 54, 19, 58, 46, 14, 67, 80, 3, 93, 47, 50, 74, 72, 85, 95, 86, 91, 81, 90}')"
260856351,"(1023, '{70, 54, 19, 58, 46, 14, 67, 80, 3, 93, 47, 50, 74, 72, 85, 95, 86, 91, 81, 90}')","(1018, '{52, 71, 34, 95, 68, 25, 44, 38, 47, 77, 92, 84, 94, 12, 61, 9, 89, 56, 28, 75}')"
260856873,"(590, '{79, 13, 45, 64, 32, 95, 67, 27, 78, 18, 41, 69, 15, 29, 72, 57, 81, 50, 60, 14}')","(1018, '{52, 71, 34, 95, 68, 25, 44, 38, 47, 77, 92, 84, 94, 12, 61, 9, 89, 56, 28, 75}')"
260857236,"(1023, '{70, 54, 19, 58, 46, 14, 67, 80, 3, 93, 47, 50, 74, 72, 85, 95, 86, 91, 81, 90}')","(590, '{79, 13, 45, 64, 32, 95, 67, 27, 78, 18, 41, 69, 15, 29, 72, 57, 81, 50, 60, 14}')"
260858598,"(1023, '{70, 54, 19, 58, 46, 14, 67, 80, 3, 93, 47, 50, 74, 72, 85, 95, 86, 91, 81, 90}')","(1018, '{52, 71, 34, 95, 68, 25, 44, 38, 47, 77, 92, 84, 94, 12, 61, 9, 89, 56, 28, 75}')"
260859830,"(554, '{86, 85, 6, 97, 19, 66, 26, 14, 15, 49, 75, 64, 35, 54, 31, 9, 82, 29, 81, 13}')","(683, '{12, 14, 77, 74, 63, 21, 69, 13, 84, 93, 35, 89, 45, 60, 15, 57, 51, 18, 42, 62}')"
260860036,"(683, '{12, 14, 77, 74, 63, 21, 69, 13, 84, 93, 35, 89, 45, 60, 15, 57, 51, 18, 42, 62}')","(554, '{86, 85, 6, 97, 19, 66, 26, 14, 15, 49, 75, 64, 35, 54, 31, 9, 82, 29, 81, 13}')"
260860344,"(1018, '{52, 71, 34, 95, 68, 25, 44, 38, 47, 77, 92, 84, 94, 12, 61, 9, 89, 56, 28, 75}')","(554, '{86, 85, 6, 97, 19, 66, 26, 14, 15, 49, 75, 64, 35, 54, 31, 9, 82, 29, 81, 13}')"
260860982,"(590, '{79, 13, 45, 64, 32, 95, 67, 27, 78, 18, 41, 69, 15, 29, 72, 57, 81, 50, 60, 14}')","(683, '{12, 14, 77, 74, 63, 21, 69, 13, 84, 93, 35, 89, 45, 60, 15, 57, 51, 18, 42, 62}')"
260861232,"(590, '{79, 13, 45, 64, 32, 95, 67, 27, 78, 18, 41, 69, 15, 29, 72, 57, 81, 50, 60, 14}')","(683, '{12, 14, 77, 74, 63, 21, 69, 13, 84, 93, 35, 89, 45, 60, 15, 57, 51, 18, 42, 62}')"
260862327,"(590, '{79, 13, 45, 64, 32, 95, 67, 27, 78, 18, 41, 69, 15, 29, 72, 57, 81, 50, 60, 14}')","(1018, '{52, 71, 34, 95, 68, 25, 44, 38, 47, 77, 92, 84, 94, 12, 61, 9, 89, 56, 28, 75}')"
260862328,"(554, '{86, 85, 6, 97, 19, 66, 26, 14, 15, 49, 75, 64, 35, 54, 31, 9, 82, 29, 81, 13}')","(590, '{79, 13, 45, 64, 32, 95, 67, 27, 78, 18, 41, 69, 15, 29, 72, 57, 81, 50, 60, 14}')"
260862329,"(554, '{86, 85, 6, 97, 19, 66, 26, 14, 15, 49, 75, 64, 35, 54, 31, 9, 82, 29, 81, 13}')","(1018, '{52, 71, 34, 95, 68, 25, 44, 38, 47, 77, 92, 84, 94, 12, 61, 9, 89, 56, 28, 75}')"
260862481,"(1018, '{52, 71, 34, 95, 68, 25, 44, 38, 47, 77, 92, 84, 94, 12, 61, 9, 89, 56, 28, 75}')","(554, '{86, 85, 6, 97, 19, 66, 26, 14, 15, 49, 75, 64, 35, 54, 31, 9, 82, 29, 81, 13}')"
260862852,"(590, '{79, 13, 45, 64, 32, 95, 67, 27, 78, 18, 41, 69, 15, 29, 72, 57, 81, 50, 60, 14}')","(683, '{12, 14, 77, 74, 63, 21, 69, 13, 84, 93, 35, 89, 45, 60, 15, 57, 51, 18, 42, 62}')"
260863025,"(590, '{79, 13, 45, 64, 32, 95, 67, 27, 78, 18, 41, 69, 15, 29, 72, 57, 81, 50, 60, 14}')","(1023, '{70, 54, 19, 58, 46, 14, 67, 80, 3, 93, 47, 50, 74, 72, 85, 95, 86, 91, 81, 90}')"
260863228,"(1018, '{52, 71, 34, 95, 68, 25, 44, 38, 47, 77, 92, 84, 94, 12, 61, 9, 89, 56, 28, 75}')","(590, '{79, 13, 45, 64, 32, 95, 67, 27, 78, 18, 41, 69, 15, 29, 72, 57, 81, 50, 60, 14}')"
260863277,"(554, '{86, 85, 6, 97, 19, 66, 26, 14, 15, 49, 75, 64, 35, 54, 31, 9, 82, 29, 81, 13}')","(1018, '{52, 71, 34, 95, 68, 25, 44, 38, 47, 77, 92, 84, 94, 12, 61, 9, 89, 56, 28, 75}')"
260863330,"(683, '{12, 14, 77, 74, 63, 21, 69, 13, 84, 93, 35, 89, 45, 60, 15, 57, 51, 18, 42, 62}')","(1018, '{52, 71, 34, 95, 68, 25, 44, 38, 47, 77, 92, 84, 94, 12, 61, 9, 89, 56, 28, 75}')"
260863502,"(1018, '{52, 71, 34, 95, 68, 25, 44, 38, 47, 77, 92, 84, 94, 12, 61, 9, 89, 56, 28, 75}')","(1023, '{70, 54, 19, 58, 46, 14, 67, 80, 3, 93, 47, 50, 74, 72, 85, 95, 86, 91, 81, 90}')"
260863672,"(590, '{79, 13, 45, 64, 32, 95, 67, 27, 78, 18, 41, 69, 15, 29, 72, 57, 81, 50, 60, 14}')","(1023, '{70, 54, 19, 58, 46, 14, 67, 80, 3, 93, 47, 50, 74, 72, 85, 95, 86, 91, 81, 90}')"
260864499,"(683, '{12, 14, 77, 74, 63, 21, 69, 13, 84, 93, 35, 89, 45, 60, 15, 57, 51, 18, 42, 62}')","(590, '{79, 13, 45, 64, 32, 95, 67, 27, 78, 18, 41, 69, 15, 29, 72, 57, 81, 50, 60, 14}')"
260864768,"(683, '{12, 14, 77, 74, 63, 21, 69, 13, 84, 93, 35, 89, 45, 60, 15, 57, 51, 18, 42, 62}')","(590, '{79, 13, 45, 64, 32, 95, 67, 27, 78, 18, 41, 69, 15, 29, 72, 57, 81, 50, 60, 14}')"
260864955,"(590, '{79, 13, 45, 64, 32, 95, 67, 27, 78, 18, 41, 69, 15, 29, 72, 57, 81, 50, 60, 14}')","(554, '{86, 85, 6, 97, 19, 66, 26, 14, 15, 49, 75, 64, 35, 54, 31, 9, 82, 29, 81, 13}')"
260865557,"(683, '{12, 14, 77, 74, 63, 21, 69, 13, 84, 93, 35, 89, 45, 60, 15, 57, 51, 18, 42, 62}')","(1018, '{52, 71, 34, 95, 68, 25, 44, 38, 47, 77, 92, 84, 94, 12, 61, 9, 89, 56, 28, 75}')"
260866078,"(1023, '{70, 54, 19, 58, 46, 14, 67, 80, 3, 93, 47, 50, 74, 72, 85, 95, 86, 91, 81, 90}')","(683, '{12, 14, 77, 74, 63, 21, 69, 13, 84, 93, 35, 89, 45, 60, 15, 57, 51, 18, 42, 62}')"
260866221,"(554, '{86, 85, 6, 97, 19, 66, 26, 14, 15, 49, 75, 64, 35, 54, 31, 9, 82, 29, 81, 13}')","(1018, '{52, 71, 34, 95, 68, 25, 44, 38, 47, 77, 92, 84, 94, 12, 61, 9, 89, 56, 28, 75}')"
260866323,"(1023, '{70, 54, 19, 58, 46, 14, 67, 80, 3, 93, 47, 50, 74, 72, 85, 95, 86, 91, 81, 90}')","(1018, '{52, 71, 34, 95, 68, 25, 44, 38, 47, 77, 92, 84, 94, 12, 61, 9, 89, 56, 28, 75}')"
260866423,"(554, '{86, 85, 6, 97, 19, 66, 26, 14, 15, 49, 75, 64, 35, 54, 31, 9, 82, 29, 81, 13}')","(590, '{79, 13, 45, 64, 32, 95, 67, 27, 78, 18, 41, 69, 15, 29, 72, 57, 81, 50, 60, 14}')"
260866425,"(683, '{12, 14, 77, 74, 63, 21, 69, 13, 84, 93, 35, 89, 45, 60, 15, 57, 51, 18, 42, 62}')","(590, '{79, 13, 45, 64, 32, 95, 67, 27, 78, 18, 41, 69, 15, 29, 72, 57, 81, 50, 60, 14}')"
260866483,"(1023, '{70, 54, 19, 58, 46, 14, 67, 80, 3, 93, 47, 50, 74, 72, 85, 95, 86, 91, 81, 90}')","(554, '{86, 85, 6, 97, 19, 66, 26, 14, 15, 49, 75, 64, 35, 54, 31, 9, 82, 29, 81, 13}')"
260866487,"(1018, '{52, 71, 34, 95, 68, 25, 44, 38, 47, 77, 92, 84, 94, 12, 61, 9, 89, 56, 28, 75}')","(590, '{79, 13, 45, 64, 32, 95, 67, 27, 78, 18, 41, 69, 15, 29, 72, 57, 81, 50, 60, 14}')"
260866956,"(1023, '{70, 54, 19, 58, 46, 14, 67, 80, 3, 93, 47, 50, 74, 72, 85, 95, 86, 91, 81, 90}')","(590, '{79, 13, 45, 64, 32, 95, 67, 27, 78, 18, 41, 69, 15, 29, 72, 57, 81, 50, 60, 14}')"
260867038,"(590, '{79, 13, 45, 64, 32, 95, 67, 27, 78, 18, 41, 69, 15, 29, 72, 57, 81, 50, 60, 14}')","(1023, '{70, 54, 19, 58, 46, 14, 67, 80, 3, 93, 47, 50, 74, 72, 85, 95, 86, 91, 81, 90}')"
260867185,"(1018, '{52, 71, 34, 95, 68, 25, 44, 38, 47, 77, 92, 84, 94, 12, 61, 9, 89, 56, 28, 75}')","(590, '{79, 13, 45, 64, 32, 95, 67, 27, 78, 18, 41, 69, 15, 29, 72, 57, 81, 50, 60, 14}')"
260867565,"(1018, '{52, 71, 34, 95, 68, 25, 44, 38, 47, 77, 92, 84, 94, 12, 61, 9, 89, 56, 28, 75}')","(554, '{86, 85, 6, 97, 19, 66, 26, 14, 15, 49, 75, 64, 35, 54, 31, 9, 82, 29, 81, 13}')"
260867761,"(1018, '{52, 71, 34, 95, 68, 25, 44, 38, 47, 77, 92, 84, 94, 12, 61, 9, 89, 56, 28, 75}')","(590, '{79, 13, 45, 64, 32, 95, 67, 27, 78, 18, 41, 69, 15, 29, 72, 57, 81, 50, 60, 14}')"
260867984,"(590, '{79, 13, 45, 64, 32, 95, 67, 27, 78, 18, 41, 69, 15, 29, 72, 57, 81, 50, 60, 14}')","(1023, '{70, 54, 19, 58, 46, 14, 67, 80, 3, 93, 47, 50, 74, 72, 85, 95, 86, 91, 81, 90}')"
260868458,"(1018, '{52, 71, 34, 95, 68, 25, 44, 38, 47, 77, 92, 84, 94, 12, 61, 9, 89, 56, 28, 75}')","(590, '{79, 13, 45, 64, 32, 95, 67, 27, 78, 18, 41, 69, 15, 29, 72, 57, 81, 50, 60, 14}')"
260868491,"(590, '{79, 13, 45, 64, 32, 95, 67, 27, 78, 18, 41, 69, 15, 29, 72, 57, 81, 50, 60, 14}')","(1023, '{70, 54, 19, 58, 46, 14, 67, 80, 3, 93, 47, 50, 74, 72, 85, 95, 86, 91, 81, 90}')"
260868584,"(1023, '{70, 54, 19, 58, 46, 14, 67, 80, 3, 93, 47, 50, 74, 72, 85, 95, 86, 91, 81, 90}')","(683, '{12, 14, 77, 74, 63, 21, 69, 13, 84, 93, 35, 89, 45, 60, 15, 57, 51, 18, 42, 62}')"
260868593,"(554, '{86, 85, 6, 97, 19, 66, 26, 14, 15, 49, 75, 64, 35, 54, 31, 9, 82, 29, 81, 13}')","(590, '{79, 13, 45, 64, 32, 95, 67, 27, 78, 18, 41, 69, 15, 29, 72, 57, 81, 50, 60, 14}')"
260868615,"(590, '{79, 13, 45, 64, 32, 95, 67, 27, 78, 18, 41, 69, 15, 29, 72, 57, 81, 50, 60, 14}')","(1018, '{52, 71, 34, 95, 68, 25, 44, 38, 47, 77, 92, 84, 94, 12, 61, 9, 89, 56, 28, 75}')"
260869057,"(1018, '{52, 71, 34, 95, 68, 25, 44, 38, 47, 77, 92, 84, 94, 12, 61, 9, 89, 56, 28, 75}')","(683, '{12, 14, 77, 74, 63, 21, 69, 13, 84, 93, 35, 89, 45, 60, 15, 57, 51, 18, 42, 62}')"
260869295,"(1023, '{70, 54, 19, 58, 46, 14, 67, 80, 3, 93, 47, 50, 74, 72, 85, 95, 86, 91, 81, 90}')","(683, '{12, 14, 77, 74, 63, 21, 69, 13, 84, 93, 35, 89, 45, 60, 15, 57, 51, 18, 42, 62}')"
260869338,"(554, '{86, 85, 6, 97, 19, 66, 26, 14, 15, 49, 75, 64, 35, 54, 31, 9, 82, 29, 81, 13}')","(1018, '{52, 71, 34, 95, 68, 25, 44, 38, 47, 77, 92, 84, 94, 12, 61, 9, 89, 56, 28, 75}')"
260869815,"(590, '{79, 13, 45, 64, 32, 95, 67, 27, 78, 18, 41, 69, 15, 29, 72, 57, 81, 50, 60, 14}')","(1018, '{52, 71, 34, 95, 68, 25, 44, 38, 47, 77, 92, 84, 94, 12, 61, 9, 89, 56, 28, 75}')"
260869838,"(1023, '{70, 54, 19, 58, 46, 14, 67, 80, 3, 93, 47, 50, 74, 72, 85, 95, 86, 91, 81, 90}')","(554, '{86, 85, 6, 97, 19, 66, 26, 14, 15, 49, 75, 64, 35, 54, 31, 9, 82, 29, 81, 13}')"
260869947,"(554, '{86, 85, 6, 97, 19, 66, 26, 14, 15, 49, 75, 64, 35, 54, 31, 9, 82, 29, 81, 13}')","(590, '{79, 13, 45, 64, 32, 95, 67, 27, 78, 18, 41, 69, 15, 29, 72, 57, 81, 50, 60, 14}')"
260869949,"(590, '{79, 13, 45, 64, 32, 95, 67, 27, 78, 18, 41, 69, 15, 29, 72, 57, 81, 50, 60, 14}')","(1018, '{52, 71, 34, 95, 68, 25, 44, 38, 47, 77, 92, 84, 94, 12, 61, 9, 89, 56, 28, 75}')"
260870156,"(554, '{86, 85, 6, 97, 19, 66, 26, 14, 15, 49, 75, 64, 35, 54, 31, 9, 82, 29, 81, 13}')","(1018, '{52, 71, 34, 95, 68, 25, 44, 38, 47, 77, 92, 84, 94, 12, 61, 9, 89, 56, 28, 75}')"
260870527,"(683, '{12, 14, 77, 74, 63, 21, 69, 13, 84, 93, 35, 89, 45, 60, 15, 57, 51, 18, 42, 62}')","(590, '{79, 13, 45, 64, 32, 95, 67, 27, 78, 18, 41, 69, 15, 29, 72, 57, 81, 50, 60, 14}')"
260870554,"(1018, '{52, 71, 34, 95, 68, 25, 44, 38, 47, 77, 92, 84, 94, 12, 61, 9, 89, 56, 28, 75}')","(554, '{86, 85, 6, 97, 19, 66, 26, 14, 15, 49, 75, 64, 35, 54, 31, 9, 82, 29, 81, 13}')"
260870605,"(554, '{86, 85, 6, 97, 19, 66, 26, 14, 15, 49, 75, 64, 35, 54, 31, 9, 82, 29, 81, 13}')","(1018, '{52, 71, 34, 95, 68, 25, 44, 38, 47, 77, 92, 84, 94, 12, 61, 9, 89, 56, 28, 75}')"
260870895,"(1018, '{52, 71, 34, 95, 68, 25, 44, 38, 47, 77, 92, 84, 94, 12, 61, 9, 89, 56, 28, 75}')","(554, '{86, 85, 6, 97, 19, 66, 26, 14, 15, 49, 75, 64, 35, 54, 31, 9, 82, 29, 81, 13}')"
260870980,"(554, '{86, 85, 6, 97, 19, 66, 26, 14, 15, 49, 75, 64, 35, 54, 31, 9, 82, 29, 81, 13}')","(1018, '{52, 71, 34, 95, 68, 25, 44, 38, 47, 77, 92, 84, 94, 12, 61, 9, 89, 56, 28, 75}')"
260871056,"(1023, '{70, 54, 19, 58, 46, 14, 67, 80, 3, 93, 47, 50, 74, 72, 85, 95, 86, 91, 81, 90}')","(554, '{86, 85, 6, 97, 19, 66, 26, 14, 15, 49, 75, 64, 35, 54, 31, 9, 82, 29, 81, 13}')"
260871151,"(683, '{12, 14, 77, 74, 63, 21, 69, 13, 84, 93, 35, 89, 45, 60, 15, 57, 51, 18, 42, 62}')","(590, '{79, 13, 45, 64, 32, 95, 67, 27, 78, 18, 41, 69, 15, 29, 72, 57, 81, 50, 60, 14}')"
260871256,"(590, '{79, 13, 45, 64, 32, 95, 67, 27, 78, 18, 41, 69, 15, 29, 72, 57, 81, 50, 60, 14}')","(683, '{12, 14, 77, 74, 63, 21, 69, 13, 84, 93, 35, 89, 45, 60, 15, 57, 51, 18, 42, 62}')"
260871292,"(683, '{12, 14, 77, 74, 63, 21, 69, 13, 84, 93, 35, 89, 45, 60, 15, 57, 51, 18, 42, 62}')","(590, '{79, 13, 45, 64, 32, 95, 67, 27, 78, 18, 41, 69, 15, 29, 72, 57, 81, 50, 60, 14}')"
260871997,"(1023, '{70, 54, 19, 58, 46, 14, 67, 80, 3, 93, 47, 50, 74, 72, 85, 95, 86, 91, 81, 90}')","(1018, '{52, 71, 34, 95, 68, 25, 44, 38, 47, 77, 92, 84, 94, 12, 61, 9, 89, 56, 28, 75}')"
260873844,"(683, '{12, 14, 77, 74, 63, 21, 69, 13, 84, 93, 35, 89, 45, 60, 15, 57, 51, 18, 42, 62}')","(554, '{86, 85, 6, 97, 19, 66, 26, 14, 15, 49, 75, 64, 35, 54, 31, 9, 82, 29, 81, 13}')"
260898654,"(590, '{79, 13, 45, 64, 32, 95, 67, 27, 78, 18, 41, 69, 15, 29, 72, 57, 81, 50, 60, 14}')","(1023, '{70, 54, 19, 58, 46, 14, 67, 80, 3, 93, 47, 50, 74, 72, 85, 95, 86, 91, 81, 90}')"
260909453,"(1023, '{70, 54, 19, 58, 46, 14, 67, 80, 3, 93, 47, 50, 74, 72, 85, 95, 86, 91, 81, 90}')","(683, '{12, 14, 77, 74, 63, 21, 69, 13, 84, 93, 35, 89, 45, 60, 15, 57, 51, 18, 42, 62}')"
260922556,"(590, '{79, 13, 45, 64, 32, 95, 67, 27, 78, 18, 41, 69, 15, 29, 72, 57, 81, 50, 60, 14}')","(683, '{12, 14, 77, 74, 63, 21, 69, 13, 84, 93, 35, 89, 45, 60, 15, 57, 51, 18, 42, 62}')"
260933181,"(554, '{86, 85, 6, 97, 19, 66, 26, 14, 15, 49, 75, 64, 35, 54, 31, 9, 82, 29, 81, 13}')","(683, '{12, 14, 77, 74, 63, 21, 69, 13, 84, 93, 35, 89, 45, 60, 15, 57, 51, 18, 42, 62}')"
260933458,"(590, '{79, 13, 45, 64, 32, 95, 67, 27, 78, 18, 41, 69, 15, 29, 72, 57, 81, 50, 60, 14}')","(554, '{86, 85, 6, 97, 19, 66, 26, 14, 15, 49, 75, 64, 35, 54, 31, 9, 82, 29, 81, 13}')"
